from,to,relation,weight,type
T,GiRa,family,1,clan
GiRa,T,family,1,clan
VB,GiMo,family,1,clan
VB,SaMo,family,1,clan
GiMo,VB,family,1,clan
SaMo,VB,family,1,clan
GiMo,SaMo,family,2,member
SaMo,GiMo,family,2,member
VC,AnPi,family,1,clan
VC,GiPi,family,1,clan
VC,ViPi,family,1,clan
AnPi,VC,family,1,clan
GiPi,VC,family,1,clan
ViPi,VC,family,1,clan
AnPi,GiPi,family,2,member
AnPi,ViPi,family,2,member
GiPi,AnPi,family,2,member
GiPi,ViPi,family,2,member
ViPi,AnPi,family,2,member
ViPi,GiPi,family,2,member
N,RaSp,family,1,clan
N,GiuS,family,1,clan
N,ARot,family,1,clan
RaSp,N,family,1,clan
GiuS,N,family,1,clan
ARot,N,family,1,clan
RaSp,GiuS,family,2,member
RaSp,ARot,family,1,member
GiuS,RaSp,family,2,member
GiuS,ARot,family,1,member
ARot,RaSp,family,1,member
ARot,GiuS,family,1,member
PC,ViSo,family,1,clan
PC,GiCo,family,1,clan
PC,GiDi,family,1,clan
PC,SeMi,family,1,clan
ViSo,PC,family,1,clan
GiCo,PC,family,1,clan
GiDi,PC,family,1,clan
SeMi,PC,family,1,clan
ViSo,GiCo,family,1,member
ViSo,GiDi,family,1,member
ViSo,SeMi,family,1,member
GiCo,ViSo,family,1,member
GiCo,GiDi,family,1,member
GiCo,SeMi,family,1,member
GiDi,ViSo,family,1,member
GiDi,GiCo,family,1,member
GiDi,SeMi,family,1,member
SeMi,ViSo,family,1,member
SeMi,GiCo,family,1,member
SeMi,GiDi,family,1,member
FS,BeSa,family,1,clan
FS,FrCa,family,1,clan
FS,DoCo,family,1,clan
FS,SaCr,family,1,clan
FS,SaEr,family,1,clan
FS,AnFe,family,1,clan
FS,FrFe,family,1,clan
FS,GiFe,family,1,clan
BeSa,FS,family,1,clan
FrCa,FS,family,1,clan
DoCo,FS,family,1,clan
SaCr,FS,family,1,clan
SaEr,FS,family,1,clan
AnFe,FS,family,1,clan
FrFe,FS,family,1,clan
GiFe,FS,family,1,clan
BeSa,FrCa,family,1,member
BeSa,DoCo,family,1,member
BeSa,SaCr,family,1,member
BeSa,SaEr,family,1,member
BeSa,AnFe,family,1,member
BeSa,FrFe,family,1,member
BeSa,GiFe,family,1,member
FrCa,BeSa,family,1,member
FrCa,DoCo,family,1,member
FrCa,SaCr,family,1,member
FrCa,SaEr,family,1,member
FrCa,AnFe,family,1,member
FrCa,FrFe,family,1,member
FrCa,GiFe,family,1,member
DoCo,BeSa,family,1,member
DoCo,FrCa,family,1,member
DoCo,SaCr,family,1,member
DoCo,SaEr,family,1,member
DoCo,AnFe,family,1,member
DoCo,FrFe,family,1,member
DoCo,GiFe,family,1,member
SaCr,BeSa,family,1,member
SaCr,FrCa,family,1,member
SaCr,DoCo,family,1,member
SaCr,SaEr,family,1,member
SaCr,AnFe,family,1,member
SaCr,FrFe,family,1,member
SaCr,GiFe,family,1,member
SaEr,BeSa,family,1,member
SaEr,FrCa,family,1,member
SaEr,DoCo,family,1,member
SaEr,SaCr,family,1,member
SaEr,AnFe,family,1,member
SaEr,FrFe,family,1,member
SaEr,GiFe,family,1,member
AnFe,BeSa,family,1,member
AnFe,FrCa,family,1,member
AnFe,DoCo,family,1,member
AnFe,SaCr,family,1,member
AnFe,SaEr,family,1,member
AnFe,FrFe,family,2,member
AnFe,GiFe,family,2,member
FrFe,BeSa,family,1,member
FrFe,FrCa,family,1,member
FrFe,DoCo,family,1,member
FrFe,SaCr,family,1,member
FrFe,SaEr,family,1,member
FrFe,AnFe,family,2,member
FrFe,GiFe,family,2,member
GiFe,BeSa,family,1,member
GiFe,FrCa,family,1,member
GiFe,DoCo,family,1,member
GiFe,SaCr,family,1,member
GiFe,SaEr,family,1,member
GiFe,AnFe,family,2,member
GiFe,FrFe,family,2,member
BeSa,SaRi,ally,2,member
BeSa,MaAg,ally,1,member
BeSa,GMad,ally,1,member
AnFe,SaRi,ally,1,member
AnFe,MaAg,ally,1,member
AnFe,GMad,ally,1,member
CM,FiMa,family,1,clan
CM,BeTi,family,1,clan
CM,PiVe,family,1,clan
CM,CaZa,family,1,clan
CM,AnMa,family,1,clan
CM,GiMa,family,1,clan
CM,ViMa,family,1,clan
CM,GaTi,family,1,clan
CM,GiTi,family,1,clan
CM,LoTi,family,1,clan
CM,AnVe,family,1,clan
CM,CoVe,family,1,clan
CM,GiVe,family,1,clan
CM,RuVe,family,1,clan
CM,GiZa,family,1,clan
CM,OnZa,family,1,clan
CM,GiAb,family,1,clan
CM,MaAb,family,1,clan
CM,PaAl,family,1,clan
CM,PiAl,family,1,clan
CM,FiAr,family,1,clan
CM,GaAr,family,1,clan
CM,FrBu,family,1,clan
CM,ViBu,family,1,clan
CM,SaBu,family,1,clan
CM,SaCh,family,1,clan
CM,DoFe,family,1,clan
CM,GiIn,family,1,clan
CM,GaLo,family,1,clan
CM,GiLo,family,1,clan
CM,GiOl,family,1,clan
CM,AnSi,family,1,clan
CM,FrPa,family,1,clan
CM,ViSi,family,1,clan
CM,VSdA,family,1,clan
CM,PiTa,family,1,clan
FiMa,CM,family,1,clan
BeTi,CM,family,1,clan
PiVe,CM,family,1,clan
CaZa,CM,family,1,clan
AnMa,CM,family,1,clan
GiMa,CM,family,1,clan
ViMa,CM,family,1,clan
GaTi,CM,family,1,clan
GiTi,CM,family,1,clan
LoTi,CM,family,1,clan
AnVe,CM,family,1,clan
CoVe,CM,family,1,clan
GiVe,CM,family,1,clan
RuVe,CM,family,1,clan
GiZa,CM,family,1,clan
OnZa,CM,family,1,clan
GiAb,CM,family,1,clan
MaAb,CM,family,1,clan
PaAl,CM,family,1,clan
PiAl,CM,family,1,clan
FiAr,CM,family,1,clan
GaAr,CM,family,1,clan
FrBu,CM,family,1,clan
ViBu,CM,family,1,clan
SaBu,CM,family,1,clan
SaCh,CM,family,1,clan
DoFe,CM,family,1,clan
GiIn,CM,family,1,clan
GaLo,CM,family,1,clan
GiLo,CM,family,1,clan
GiOl,CM,family,1,clan
AnSi,CM,family,1,clan
FrPa,CM,family,1,clan
ViSi,CM,family,1,clan
VSdA,CM,family,1,clan
PiTa,CM,family,1,clan
FiMa,BeTi,family,1,member
FiMa,PiVe,family,1,member
FiMa,CaZa,family,1,member
FiMa,AnMa,family,2,member
FiMa,GiMa,family,2,member
FiMa,ViMa,family,2,member
FiMa,GaTi,family,1,member
FiMa,GiTi,family,1,member
FiMa,LoTi,family,1,member
FiMa,AnVe,family,1,member
FiMa,CoVe,family,1,member
FiMa,GiVe,family,1,member
FiMa,RuVe,family,1,member
FiMa,GiZa,family,1,member
FiMa,OnZa,family,1,member
FiMa,GiAb,family,1,member
FiMa,MaAb,family,1,member
FiMa,PaAl,family,1,member
FiMa,PiAl,family,1,member
FiMa,FiAr,family,1,member
FiMa,GaAr,family,1,member
FiMa,FrBu,family,1,member
FiMa,ViBu,family,1,member
FiMa,SaBu,family,1,member
FiMa,SaCh,family,1,member
FiMa,DoFe,family,1,member
FiMa,GiIn,family,1,member
FiMa,GaLo,family,1,member
FiMa,GiLo,family,1,member
FiMa,GiOl,family,1,member
FiMa,AnSi,family,1,member
FiMa,FrPa,family,1,member
FiMa,ViSi,family,1,member
FiMa,VSdA,family,1,member
FiMa,PiTa,family,1,member
BeTi,FiMa,family,1,member
BeTi,PiVe,family,1,member
BeTi,CaZa,family,1,member
BeTi,AnMa,family,1,member
BeTi,GiMa,family,1,member
BeTi,ViMa,family,1,member
BeTi,GaTi,family,2,member
BeTi,GiTi,family,2,member
BeTi,LoTi,family,2,member
BeTi,AnVe,family,1,member
BeTi,CoVe,family,1,member
BeTi,GiVe,family,1,member
BeTi,RuVe,family,1,member
BeTi,GiZa,family,1,member
BeTi,OnZa,family,1,member
BeTi,GiAb,family,1,member
BeTi,MaAb,family,1,member
BeTi,PaAl,family,1,member
BeTi,PiAl,family,1,member
BeTi,FiAr,family,1,member
BeTi,GaAr,family,1,member
BeTi,FrBu,family,1,member
BeTi,ViBu,family,1,member
BeTi,SaBu,family,1,member
BeTi,SaCh,family,1,member
BeTi,DoFe,family,1,member
BeTi,GiIn,family,1,member
BeTi,GaLo,family,1,member
BeTi,GiLo,family,1,member
BeTi,GiOl,family,1,member
BeTi,AnSi,family,1,member
BeTi,FrPa,family,1,member
BeTi,ViSi,family,1,member
BeTi,VSdA,family,1,member
BeTi,PiTa,family,1,member
PiVe,FiMa,family,1,member
PiVe,BeTi,family,1,member
PiVe,CaZa,family,1,member
PiVe,AnMa,family,1,member
PiVe,GiMa,family,1,member
PiVe,ViMa,family,1,member
PiVe,GaTi,family,1,member
PiVe,GiTi,family,1,member
PiVe,LoTi,family,1,member
PiVe,AnVe,family,2,member
PiVe,CoVe,family,2,member
PiVe,GiVe,family,2,member
PiVe,RuVe,family,2,member
PiVe,GiZa,family,1,member
PiVe,OnZa,family,1,member
PiVe,GiAb,family,1,member
PiVe,MaAb,family,1,member
PiVe,PaAl,family,1,member
PiVe,PiAl,family,1,member
PiVe,FiAr,family,1,member
PiVe,GaAr,family,1,member
PiVe,FrBu,family,1,member
PiVe,ViBu,family,1,member
PiVe,SaBu,family,1,member
PiVe,SaCh,family,1,member
PiVe,DoFe,family,1,member
PiVe,GiIn,family,1,member
PiVe,GaLo,family,1,member
PiVe,GiLo,family,1,member
PiVe,GiOl,family,1,member
PiVe,AnSi,family,1,member
PiVe,FrPa,family,1,member
PiVe,ViSi,family,1,member
PiVe,VSdA,family,1,member
PiVe,PiTa,family,1,member
CaZa,FiMa,family,1,member
CaZa,BeTi,family,1,member
CaZa,PiVe,family,1,member
CaZa,AnMa,family,1,member
CaZa,GiMa,family,1,member
CaZa,ViMa,family,1,member
CaZa,GaTi,family,1,member
CaZa,GiTi,family,1,member
CaZa,LoTi,family,1,member
CaZa,AnVe,family,1,member
CaZa,CoVe,family,1,member
CaZa,GiVe,family,1,member
CaZa,RuVe,family,1,member
CaZa,GiZa,family,2,member
CaZa,OnZa,family,2,member
CaZa,GiAb,family,1,member
CaZa,MaAb,family,1,member
CaZa,PaAl,family,1,member
CaZa,PiAl,family,1,member
CaZa,FiAr,family,1,member
CaZa,GaAr,family,1,member
CaZa,FrBu,family,1,member
CaZa,ViBu,family,1,member
CaZa,SaBu,family,1,member
CaZa,SaCh,family,1,member
CaZa,DoFe,family,1,member
CaZa,GiIn,family,1,member
CaZa,GaLo,family,1,member
CaZa,GiLo,family,1,member
CaZa,GiOl,family,1,member
CaZa,AnSi,family,1,member
CaZa,FrPa,family,1,member
CaZa,ViSi,family,1,member
CaZa,VSdA,family,1,member
CaZa,PiTa,family,1,member
AnMa,FiMa,family,2,member
AnMa,BeTi,family,1,member
AnMa,PiVe,family,1,member
AnMa,CaZa,family,1,member
AnMa,GiMa,family,2,member
AnMa,ViMa,family,2,member
AnMa,GaTi,family,1,member
AnMa,GiTi,family,1,member
AnMa,LoTi,family,1,member
AnMa,AnVe,family,1,member
AnMa,CoVe,family,1,member
AnMa,GiVe,family,1,member
AnMa,RuVe,family,1,member
AnMa,GiZa,family,1,member
AnMa,OnZa,family,1,member
AnMa,GiAb,family,1,member
AnMa,MaAb,family,1,member
AnMa,PaAl,family,1,member
AnMa,PiAl,family,1,member
AnMa,FiAr,family,1,member
AnMa,GaAr,family,1,member
AnMa,FrBu,family,1,member
AnMa,ViBu,family,1,member
AnMa,SaBu,family,1,member
AnMa,SaCh,family,1,member
AnMa,DoFe,family,1,member
AnMa,GiIn,family,1,member
AnMa,GaLo,family,1,member
AnMa,GiLo,family,1,member
AnMa,GiOl,family,1,member
AnMa,AnSi,family,1,member
AnMa,FrPa,family,1,member
AnMa,ViSi,family,1,member
AnMa,VSdA,family,1,member
AnMa,PiTa,family,1,member
GiMa,FiMa,family,2,member
GiMa,BeTi,family,1,member
GiMa,PiVe,family,1,member
GiMa,CaZa,family,1,member
GiMa,AnMa,family,2,member
GiMa,ViMa,family,2,member
GiMa,GaTi,family,1,member
GiMa,GiTi,family,1,member
GiMa,LoTi,family,1,member
GiMa,AnVe,family,1,member
GiMa,CoVe,family,1,member
GiMa,GiVe,family,1,member
GiMa,RuVe,family,1,member
GiMa,GiZa,family,1,member
GiMa,OnZa,family,1,member
GiMa,GiAb,family,1,member
GiMa,MaAb,family,1,member
GiMa,PaAl,family,1,member
GiMa,PiAl,family,1,member
GiMa,FiAr,family,1,member
GiMa,GaAr,family,1,member
GiMa,FrBu,family,1,member
GiMa,ViBu,family,1,member
GiMa,SaBu,family,1,member
GiMa,SaCh,family,1,member
GiMa,DoFe,family,1,member
GiMa,GiIn,family,1,member
GiMa,GaLo,family,1,member
GiMa,GiLo,family,1,member
GiMa,GiOl,family,1,member
GiMa,AnSi,family,1,member
GiMa,FrPa,family,1,member
GiMa,ViSi,family,1,member
GiMa,VSdA,family,1,member
GiMa,PiTa,family,1,member
ViMa,FiMa,family,2,member
ViMa,BeTi,family,1,member
ViMa,PiVe,family,1,member
ViMa,CaZa,family,1,member
ViMa,AnMa,family,2,member
ViMa,GiMa,family,2,member
ViMa,GaTi,family,1,member
ViMa,GiTi,family,1,member
ViMa,LoTi,family,1,member
ViMa,AnVe,family,1,member
ViMa,CoVe,family,1,member
ViMa,GiVe,family,1,member
ViMa,RuVe,family,1,member
ViMa,GiZa,family,1,member
ViMa,OnZa,family,1,member
ViMa,GiAb,family,1,member
ViMa,MaAb,family,1,member
ViMa,PaAl,family,1,member
ViMa,PiAl,family,1,member
ViMa,FiAr,family,1,member
ViMa,GaAr,family,1,member
ViMa,FrBu,family,1,member
ViMa,ViBu,family,1,member
ViMa,SaBu,family,1,member
ViMa,SaCh,family,1,member
ViMa,DoFe,family,1,member
ViMa,GiIn,family,1,member
ViMa,GaLo,family,1,member
ViMa,GiLo,family,1,member
ViMa,GiOl,family,1,member
ViMa,AnSi,family,1,member
ViMa,FrPa,family,1,member
ViMa,ViSi,family,1,member
ViMa,VSdA,family,1,member
ViMa,PiTa,family,1,member
GaTi,FiMa,family,1,member
GaTi,BeTi,family,2,member
GaTi,PiVe,family,1,member
GaTi,CaZa,family,1,member
GaTi,AnMa,family,1,member
GaTi,GiMa,family,1,member
GaTi,ViMa,family,1,member
GaTi,GiTi,family,2,member
GaTi,LoTi,family,2,member
GaTi,AnVe,family,1,member
GaTi,CoVe,family,1,member
GaTi,GiVe,family,1,member
GaTi,RuVe,family,1,member
GaTi,GiZa,family,1,member
GaTi,OnZa,family,1,member
GaTi,GiAb,family,1,member
GaTi,MaAb,family,1,member
GaTi,PaAl,family,1,member
GaTi,PiAl,family,1,member
GaTi,FiAr,family,1,member
GaTi,GaAr,family,1,member
GaTi,FrBu,family,1,member
GaTi,ViBu,family,1,member
GaTi,SaBu,family,1,member
GaTi,SaCh,family,1,member
GaTi,DoFe,family,1,member
GaTi,GiIn,family,1,member
GaTi,GaLo,family,1,member
GaTi,GiLo,family,1,member
GaTi,GiOl,family,1,member
GaTi,AnSi,family,1,member
GaTi,FrPa,family,1,member
GaTi,ViSi,family,1,member
GaTi,VSdA,family,1,member
GaTi,PiTa,family,1,member
GiTi,FiMa,family,1,member
GiTi,BeTi,family,2,member
GiTi,PiVe,family,1,member
GiTi,CaZa,family,1,member
GiTi,AnMa,family,1,member
GiTi,GiMa,family,1,member
GiTi,ViMa,family,1,member
GiTi,GaTi,family,2,member
GiTi,LoTi,family,2,member
GiTi,AnVe,family,1,member
GiTi,CoVe,family,1,member
GiTi,GiVe,family,1,member
GiTi,RuVe,family,1,member
GiTi,GiZa,family,1,member
GiTi,OnZa,family,1,member
GiTi,GiAb,family,1,member
GiTi,MaAb,family,1,member
GiTi,PaAl,family,1,member
GiTi,PiAl,family,1,member
GiTi,FiAr,family,1,member
GiTi,GaAr,family,1,member
GiTi,FrBu,family,1,member
GiTi,ViBu,family,1,member
GiTi,SaBu,family,1,member
GiTi,SaCh,family,1,member
GiTi,DoFe,family,1,member
GiTi,GiIn,family,1,member
GiTi,GaLo,family,1,member
GiTi,GiLo,family,1,member
GiTi,GiOl,family,1,member
GiTi,AnSi,family,1,member
GiTi,FrPa,family,1,member
GiTi,ViSi,family,1,member
GiTi,VSdA,family,1,member
GiTi,PiTa,family,1,member
LoTi,FiMa,family,1,member
LoTi,BeTi,family,2,member
LoTi,PiVe,family,1,member
LoTi,CaZa,family,1,member
LoTi,AnMa,family,1,member
LoTi,GiMa,family,1,member
LoTi,ViMa,family,1,member
LoTi,GaTi,family,2,member
LoTi,GiTi,family,2,member
LoTi,AnVe,family,1,member
LoTi,CoVe,family,1,member
LoTi,GiVe,family,1,member
LoTi,RuVe,family,1,member
LoTi,GiZa,family,1,member
LoTi,OnZa,family,1,member
LoTi,GiAb,family,1,member
LoTi,MaAb,family,1,member
LoTi,PaAl,family,1,member
LoTi,PiAl,family,1,member
LoTi,FiAr,family,1,member
LoTi,GaAr,family,1,member
LoTi,FrBu,family,1,member
LoTi,ViBu,family,1,member
LoTi,SaBu,family,1,member
LoTi,SaCh,family,1,member
LoTi,DoFe,family,1,member
LoTi,GiIn,family,1,member
LoTi,GaLo,family,1,member
LoTi,GiLo,family,1,member
LoTi,GiOl,family,1,member
LoTi,AnSi,family,1,member
LoTi,FrPa,family,1,member
LoTi,ViSi,family,1,member
LoTi,VSdA,family,1,member
LoTi,PiTa,family,1,member
AnVe,FiMa,family,1,member
AnVe,BeTi,family,1,member
AnVe,PiVe,family,2,member
AnVe,CaZa,family,1,member
AnVe,AnMa,family,1,member
AnVe,GiMa,family,1,member
AnVe,ViMa,family,1,member
AnVe,GaTi,family,1,member
AnVe,GiTi,family,1,member
AnVe,LoTi,family,1,member
AnVe,CoVe,family,2,member
AnVe,GiVe,family,2,member
AnVe,RuVe,family,2,member
AnVe,GiZa,family,1,member
AnVe,OnZa,family,1,member
AnVe,GiAb,family,1,member
AnVe,MaAb,family,1,member
AnVe,PaAl,family,1,member
AnVe,PiAl,family,1,member
AnVe,FiAr,family,1,member
AnVe,GaAr,family,1,member
AnVe,FrBu,family,1,member
AnVe,ViBu,family,1,member
AnVe,SaBu,family,1,member
AnVe,SaCh,family,1,member
AnVe,DoFe,family,1,member
AnVe,GiIn,family,1,member
AnVe,GaLo,family,1,member
AnVe,GiLo,family,1,member
AnVe,GiOl,family,1,member
AnVe,AnSi,family,1,member
AnVe,FrPa,family,1,member
AnVe,ViSi,family,1,member
AnVe,VSdA,family,1,member
AnVe,PiTa,family,1,member
CoVe,FiMa,family,1,member
CoVe,BeTi,family,1,member
CoVe,PiVe,family,2,member
CoVe,CaZa,family,1,member
CoVe,AnMa,family,1,member
CoVe,GiMa,family,1,member
CoVe,ViMa,family,1,member
CoVe,GaTi,family,1,member
CoVe,GiTi,family,1,member
CoVe,LoTi,family,1,member
CoVe,AnVe,family,2,member
CoVe,GiVe,family,2,member
CoVe,RuVe,family,2,member
CoVe,GiZa,family,1,member
CoVe,OnZa,family,1,member
CoVe,GiAb,family,1,member
CoVe,MaAb,family,1,member
CoVe,PaAl,family,1,member
CoVe,PiAl,family,1,member
CoVe,FiAr,family,1,member
CoVe,GaAr,family,1,member
CoVe,FrBu,family,1,member
CoVe,ViBu,family,1,member
CoVe,SaBu,family,1,member
CoVe,SaCh,family,1,member
CoVe,DoFe,family,1,member
CoVe,GiIn,family,1,member
CoVe,GaLo,family,1,member
CoVe,GiLo,family,1,member
CoVe,GiOl,family,1,member
CoVe,AnSi,family,1,member
CoVe,FrPa,family,1,member
CoVe,ViSi,family,1,member
CoVe,VSdA,family,1,member
CoVe,PiTa,family,1,member
GiVe,FiMa,family,1,member
GiVe,BeTi,family,1,member
GiVe,PiVe,family,2,member
GiVe,CaZa,family,1,member
GiVe,AnMa,family,1,member
GiVe,GiMa,family,1,member
GiVe,ViMa,family,1,member
GiVe,GaTi,family,1,member
GiVe,GiTi,family,1,member
GiVe,LoTi,family,1,member
GiVe,AnVe,family,2,member
GiVe,CoVe,family,2,member
GiVe,RuVe,family,2,member
GiVe,GiZa,family,1,member
GiVe,OnZa,family,1,member
GiVe,GiAb,family,1,member
GiVe,MaAb,family,1,member
GiVe,PaAl,family,1,member
GiVe,PiAl,family,1,member
GiVe,FiAr,family,1,member
GiVe,GaAr,family,1,member
GiVe,FrBu,family,1,member
GiVe,ViBu,family,1,member
GiVe,SaBu,family,1,member
GiVe,SaCh,family,1,member
GiVe,DoFe,family,1,member
GiVe,GiIn,family,1,member
GiVe,GaLo,family,1,member
GiVe,GiLo,family,1,member
GiVe,GiOl,family,1,member
GiVe,AnSi,family,1,member
GiVe,FrPa,family,1,member
GiVe,ViSi,family,1,member
GiVe,VSdA,family,1,member
GiVe,PiTa,family,1,member
RuVe,FiMa,family,1,member
RuVe,BeTi,family,1,member
RuVe,PiVe,family,2,member
RuVe,CaZa,family,1,member
RuVe,AnMa,family,1,member
RuVe,GiMa,family,1,member
RuVe,ViMa,family,1,member
RuVe,GaTi,family,1,member
RuVe,GiTi,family,1,member
RuVe,LoTi,family,1,member
RuVe,AnVe,family,2,member
RuVe,CoVe,family,2,member
RuVe,GiVe,family,2,member
RuVe,GiZa,family,1,member
RuVe,OnZa,family,1,member
RuVe,GiAb,family,1,member
RuVe,MaAb,family,1,member
RuVe,PaAl,family,1,member
RuVe,PiAl,family,1,member
RuVe,FiAr,family,1,member
RuVe,GaAr,family,1,member
RuVe,FrBu,family,1,member
RuVe,ViBu,family,1,member
RuVe,SaBu,family,1,member
RuVe,SaCh,family,1,member
RuVe,DoFe,family,1,member
RuVe,GiIn,family,1,member
RuVe,GaLo,family,1,member
RuVe,GiLo,family,1,member
RuVe,GiOl,family,1,member
RuVe,AnSi,family,1,member
RuVe,FrPa,family,1,member
RuVe,ViSi,family,1,member
RuVe,VSdA,family,1,member
RuVe,PiTa,family,1,member
GiZa,FiMa,family,1,member
GiZa,BeTi,family,1,member
GiZa,PiVe,family,1,member
GiZa,CaZa,family,2,member
GiZa,AnMa,family,1,member
GiZa,GiMa,family,1,member
GiZa,ViMa,family,1,member
GiZa,GaTi,family,1,member
GiZa,GiTi,family,1,member
GiZa,LoTi,family,1,member
GiZa,AnVe,family,1,member
GiZa,CoVe,family,1,member
GiZa,GiVe,family,1,member
GiZa,RuVe,family,1,member
GiZa,OnZa,family,2,member
GiZa,GiAb,family,1,member
GiZa,MaAb,family,1,member
GiZa,PaAl,family,1,member
GiZa,PiAl,family,1,member
GiZa,FiAr,family,1,member
GiZa,GaAr,family,1,member
GiZa,FrBu,family,1,member
GiZa,ViBu,family,1,member
GiZa,SaBu,family,1,member
GiZa,SaCh,family,1,member
GiZa,DoFe,family,1,member
GiZa,GiIn,family,1,member
GiZa,GaLo,family,1,member
GiZa,GiLo,family,1,member
GiZa,GiOl,family,1,member
GiZa,AnSi,family,1,member
GiZa,FrPa,family,1,member
GiZa,ViSi,family,1,member
GiZa,VSdA,family,1,member
GiZa,PiTa,family,1,member
OnZa,FiMa,family,1,member
OnZa,BeTi,family,1,member
OnZa,PiVe,family,1,member
OnZa,CaZa,family,2,member
OnZa,AnMa,family,1,member
OnZa,GiMa,family,1,member
OnZa,ViMa,family,1,member
OnZa,GaTi,family,1,member
OnZa,GiTi,family,1,member
OnZa,LoTi,family,1,member
OnZa,AnVe,family,1,member
OnZa,CoVe,family,1,member
OnZa,GiVe,family,1,member
OnZa,RuVe,family,1,member
OnZa,GiZa,family,2,member
OnZa,GiAb,family,1,member
OnZa,MaAb,family,1,member
OnZa,PaAl,family,1,member
OnZa,PiAl,family,1,member
OnZa,FiAr,family,1,member
OnZa,GaAr,family,1,member
OnZa,FrBu,family,1,member
OnZa,ViBu,family,1,member
OnZa,SaBu,family,1,member
OnZa,SaCh,family,1,member
OnZa,DoFe,family,1,member
OnZa,GiIn,family,1,member
OnZa,GaLo,family,1,member
OnZa,GiLo,family,1,member
OnZa,GiOl,family,1,member
OnZa,AnSi,family,1,member
OnZa,FrPa,family,1,member
OnZa,ViSi,family,1,member
OnZa,VSdA,family,1,member
OnZa,PiTa,family,1,member
GiAb,FiMa,family,1,member
GiAb,BeTi,family,1,member
GiAb,PiVe,family,1,member
GiAb,CaZa,family,1,member
GiAb,AnMa,family,1,member
GiAb,GiMa,family,1,member
GiAb,ViMa,family,1,member
GiAb,GaTi,family,1,member
GiAb,GiTi,family,1,member
GiAb,LoTi,family,1,member
GiAb,AnVe,family,1,member
GiAb,CoVe,family,1,member
GiAb,GiVe,family,1,member
GiAb,RuVe,family,1,member
GiAb,GiZa,family,1,member
GiAb,OnZa,family,1,member
GiAb,MaAb,family,2,member
GiAb,PaAl,family,1,member
GiAb,PiAl,family,1,member
GiAb,FiAr,family,1,member
GiAb,GaAr,family,1,member
GiAb,FrBu,family,1,member
GiAb,ViBu,family,1,member
GiAb,SaBu,family,1,member
GiAb,SaCh,family,1,member
GiAb,DoFe,family,1,member
GiAb,GiIn,family,1,member
GiAb,GaLo,family,1,member
GiAb,GiLo,family,1,member
GiAb,GiOl,family,1,member
GiAb,AnSi,family,1,member
GiAb,FrPa,family,1,member
GiAb,ViSi,family,1,member
GiAb,VSdA,family,1,member
GiAb,PiTa,family,1,member
MaAb,FiMa,family,1,member
MaAb,BeTi,family,1,member
MaAb,PiVe,family,1,member
MaAb,CaZa,family,1,member
MaAb,AnMa,family,1,member
MaAb,GiMa,family,1,member
MaAb,ViMa,family,1,member
MaAb,GaTi,family,1,member
MaAb,GiTi,family,1,member
MaAb,LoTi,family,1,member
MaAb,AnVe,family,1,member
MaAb,CoVe,family,1,member
MaAb,GiVe,family,1,member
MaAb,RuVe,family,1,member
MaAb,GiZa,family,1,member
MaAb,OnZa,family,1,member
MaAb,GiAb,family,2,member
MaAb,PaAl,family,1,member
MaAb,PiAl,family,1,member
MaAb,FiAr,family,1,member
MaAb,GaAr,family,1,member
MaAb,FrBu,family,1,member
MaAb,ViBu,family,1,member
MaAb,SaBu,family,1,member
MaAb,SaCh,family,1,member
MaAb,DoFe,family,1,member
MaAb,GiIn,family,1,member
MaAb,GaLo,family,1,member
MaAb,GiLo,family,1,member
MaAb,GiOl,family,1,member
MaAb,AnSi,family,1,member
MaAb,FrPa,family,1,member
MaAb,ViSi,family,1,member
MaAb,VSdA,family,1,member
MaAb,PiTa,family,1,member
PaAl,FiMa,family,1,member
PaAl,BeTi,family,1,member
PaAl,PiVe,family,1,member
PaAl,CaZa,family,1,member
PaAl,AnMa,family,1,member
PaAl,GiMa,family,1,member
PaAl,ViMa,family,1,member
PaAl,GaTi,family,1,member
PaAl,GiTi,family,1,member
PaAl,LoTi,family,1,member
PaAl,AnVe,family,1,member
PaAl,CoVe,family,1,member
PaAl,GiVe,family,1,member
PaAl,RuVe,family,1,member
PaAl,GiZa,family,1,member
PaAl,OnZa,family,1,member
PaAl,GiAb,family,1,member
PaAl,MaAb,family,1,member
PaAl,PiAl,family,2,member
PaAl,FiAr,family,1,member
PaAl,GaAr,family,1,member
PaAl,FrBu,family,1,member
PaAl,ViBu,family,1,member
PaAl,SaBu,family,1,member
PaAl,SaCh,family,1,member
PaAl,DoFe,family,1,member
PaAl,GiIn,family,1,member
PaAl,GaLo,family,1,member
PaAl,GiLo,family,1,member
PaAl,GiOl,family,1,member
PaAl,AnSi,family,1,member
PaAl,FrPa,family,1,member
PaAl,ViSi,family,1,member
PaAl,VSdA,family,1,member
PaAl,PiTa,family,1,member
PiAl,FiMa,family,1,member
PiAl,BeTi,family,1,member
PiAl,PiVe,family,1,member
PiAl,CaZa,family,1,member
PiAl,AnMa,family,1,member
PiAl,GiMa,family,1,member
PiAl,ViMa,family,1,member
PiAl,GaTi,family,1,member
PiAl,GiTi,family,1,member
PiAl,LoTi,family,1,member
PiAl,AnVe,family,1,member
PiAl,CoVe,family,1,member
PiAl,GiVe,family,1,member
PiAl,RuVe,family,1,member
PiAl,GiZa,family,1,member
PiAl,OnZa,family,1,member
PiAl,GiAb,family,1,member
PiAl,MaAb,family,1,member
PiAl,PaAl,family,2,member
PiAl,FiAr,family,1,member
PiAl,GaAr,family,1,member
PiAl,FrBu,family,1,member
PiAl,ViBu,family,1,member
PiAl,SaBu,family,1,member
PiAl,SaCh,family,1,member
PiAl,DoFe,family,1,member
PiAl,GiIn,family,1,member
PiAl,GaLo,family,1,member
PiAl,GiLo,family,1,member
PiAl,GiOl,family,1,member
PiAl,AnSi,family,1,member
PiAl,FrPa,family,1,member
PiAl,ViSi,family,1,member
PiAl,VSdA,family,1,member
PiAl,PiTa,family,1,member
FiAr,FiMa,family,1,member
FiAr,BeTi,family,1,member
FiAr,PiVe,family,1,member
FiAr,CaZa,family,1,member
FiAr,AnMa,family,1,member
FiAr,GiMa,family,1,member
FiAr,ViMa,family,1,member
FiAr,GaTi,family,1,member
FiAr,GiTi,family,1,member
FiAr,LoTi,family,1,member
FiAr,AnVe,family,1,member
FiAr,CoVe,family,1,member
FiAr,GiVe,family,1,member
FiAr,RuVe,family,1,member
FiAr,GiZa,family,1,member
FiAr,OnZa,family,1,member
FiAr,GiAb,family,1,member
FiAr,MaAb,family,1,member
FiAr,PaAl,family,1,member
FiAr,PiAl,family,1,member
FiAr,GaAr,family,2,member
FiAr,FrBu,family,1,member
FiAr,ViBu,family,1,member
FiAr,SaBu,family,1,member
FiAr,SaCh,family,1,member
FiAr,DoFe,family,1,member
FiAr,GiIn,family,1,member
FiAr,GaLo,family,1,member
FiAr,GiLo,family,1,member
FiAr,GiOl,family,1,member
FiAr,AnSi,family,1,member
FiAr,FrPa,family,1,member
FiAr,ViSi,family,1,member
FiAr,VSdA,family,1,member
FiAr,PiTa,family,1,member
GaAr,FiMa,family,1,member
GaAr,BeTi,family,1,member
GaAr,PiVe,family,1,member
GaAr,CaZa,family,1,member
GaAr,AnMa,family,1,member
GaAr,GiMa,family,1,member
GaAr,ViMa,family,1,member
GaAr,GaTi,family,1,member
GaAr,GiTi,family,1,member
GaAr,LoTi,family,1,member
GaAr,AnVe,family,1,member
GaAr,CoVe,family,1,member
GaAr,GiVe,family,1,member
GaAr,RuVe,family,1,member
GaAr,GiZa,family,1,member
GaAr,OnZa,family,1,member
GaAr,GiAb,family,1,member
GaAr,MaAb,family,1,member
GaAr,PaAl,family,1,member
GaAr,PiAl,family,1,member
GaAr,FiAr,family,2,member
GaAr,FrBu,family,1,member
GaAr,ViBu,family,1,member
GaAr,SaBu,family,1,member
GaAr,SaCh,family,1,member
GaAr,DoFe,family,1,member
GaAr,GiIn,family,1,member
GaAr,GaLo,family,1,member
GaAr,GiLo,family,1,member
GaAr,GiOl,family,1,member
GaAr,AnSi,family,1,member
GaAr,FrPa,family,1,member
GaAr,ViSi,family,1,member
GaAr,VSdA,family,1,member
GaAr,PiTa,family,1,member
FrBu,FiMa,family,1,member
FrBu,BeTi,family,1,member
FrBu,PiVe,family,1,member
FrBu,CaZa,family,1,member
FrBu,AnMa,family,1,member
FrBu,GiMa,family,1,member
FrBu,ViMa,family,1,member
FrBu,GaTi,family,1,member
FrBu,GiTi,family,1,member
FrBu,LoTi,family,1,member
FrBu,AnVe,family,1,member
FrBu,CoVe,family,1,member
FrBu,GiVe,family,1,member
FrBu,RuVe,family,1,member
FrBu,GiZa,family,1,member
FrBu,OnZa,family,1,member
FrBu,GiAb,family,1,member
FrBu,MaAb,family,1,member
FrBu,PaAl,family,1,member
FrBu,PiAl,family,1,member
FrBu,FiAr,family,1,member
FrBu,GaAr,family,1,member
FrBu,ViBu,family,2,member
FrBu,SaBu,family,2,member
FrBu,SaCh,family,1,member
FrBu,DoFe,family,1,member
FrBu,GiIn,family,1,member
FrBu,GaLo,family,1,member
FrBu,GiLo,family,1,member
FrBu,GiOl,family,1,member
FrBu,AnSi,family,1,member
FrBu,FrPa,family,1,member
FrBu,ViSi,family,1,member
FrBu,VSdA,family,1,member
FrBu,PiTa,family,1,member
ViBu,FiMa,family,1,member
ViBu,BeTi,family,1,member
ViBu,PiVe,family,1,member
ViBu,CaZa,family,1,member
ViBu,AnMa,family,1,member
ViBu,GiMa,family,1,member
ViBu,ViMa,family,1,member
ViBu,GaTi,family,1,member
ViBu,GiTi,family,1,member
ViBu,LoTi,family,1,member
ViBu,AnVe,family,1,member
ViBu,CoVe,family,1,member
ViBu,GiVe,family,1,member
ViBu,RuVe,family,1,member
ViBu,GiZa,family,1,member
ViBu,OnZa,family,1,member
ViBu,GiAb,family,1,member
ViBu,MaAb,family,1,member
ViBu,PaAl,family,1,member
ViBu,PiAl,family,1,member
ViBu,FiAr,family,1,member
ViBu,GaAr,family,1,member
ViBu,FrBu,family,2,member
ViBu,SaBu,family,2,member
ViBu,SaCh,family,1,member
ViBu,DoFe,family,1,member
ViBu,GiIn,family,1,member
ViBu,GaLo,family,1,member
ViBu,GiLo,family,1,member
ViBu,GiOl,family,1,member
ViBu,AnSi,family,1,member
ViBu,FrPa,family,1,member
ViBu,ViSi,family,1,member
ViBu,VSdA,family,1,member
ViBu,PiTa,family,1,member
SaBu,FiMa,family,1,member
SaBu,BeTi,family,1,member
SaBu,PiVe,family,1,member
SaBu,CaZa,family,1,member
SaBu,AnMa,family,1,member
SaBu,GiMa,family,1,member
SaBu,ViMa,family,1,member
SaBu,GaTi,family,1,member
SaBu,GiTi,family,1,member
SaBu,LoTi,family,1,member
SaBu,AnVe,family,1,member
SaBu,CoVe,family,1,member
SaBu,GiVe,family,1,member
SaBu,RuVe,family,1,member
SaBu,GiZa,family,1,member
SaBu,OnZa,family,1,member
SaBu,GiAb,family,1,member
SaBu,GiAb,family,1,member
SaBu,MaAb,family,1,member
SaBu,PaAl,family,1,member
SaBu,PiAl,family,1,member
SaBu,FiAr,family,1,member
SaBu,GaAr,family,1,member
SaBu,FrBu,family,2,member
SaBu,ViBu,family,2,member
SaBu,SaCh,family,1,member
SaBu,DoFe,family,1,member
SaBu,GiIn,family,1,member
SaBu,GaLo,family,1,member
SaBu,GiLo,family,1,member
SaBu,GiOl,family,1,member
SaBu,AnSi,family,1,member
SaBu,FrPa,family,1,member
SaBu,ViSi,family,1,member
SaBu,VSdA,family,1,member
SaBu,PiTa,family,1,member
SaCh,FiMa,family,1,member
SaCh,BeTi,family,1,member
SaCh,PiVe,family,1,member
SaCh,CaZa,family,1,member
SaCh,AnMa,family,1,member
SaCh,GiMa,family,1,member
SaCh,ViMa,family,1,member
SaCh,GaTi,family,1,member
SaCh,GiTi,family,1,member
SaCh,LoTi,family,1,member
SaCh,AnVe,family,1,member
SaCh,CoVe,family,1,member
SaCh,GiVe,family,1,member
SaCh,RuVe,family,1,member
SaCh,GiZa,family,1,member
SaCh,OnZa,family,1,member
SaCh,GiAb,family,1,member
SaCh,MaAb,family,1,member
SaCh,PaAl,family,1,member
SaCh,PiAl,family,1,member
SaCh,FiAr,family,1,member
SaCh,GaAr,family,1,member
SaCh,FrBu,family,1,member
SaCh,ViBu,family,1,member
SaCh,SaBu,family,1,member
SaCh,DoFe,family,1,member
SaCh,GiIn,family,1,member
SaCh,GaLo,family,1,member
SaCh,GiLo,family,1,member
SaCh,GiOl,family,1,member
SaCh,AnSi,family,1,member
SaCh,FrPa,family,1,member
SaCh,ViSi,family,1,member
SaCh,VSdA,family,1,member
SaCh,PiTa,family,1,member
DoFe,FiMa,family,1,member
DoFe,BeTi,family,1,member
DoFe,PiVe,family,1,member
DoFe,CaZa,family,1,member
DoFe,AnMa,family,1,member
DoFe,GiMa,family,1,member
DoFe,ViMa,family,1,member
DoFe,GaTi,family,1,member
DoFe,GiTi,family,1,member
DoFe,LoTi,family,1,member
DoFe,AnVe,family,1,member
DoFe,CoVe,family,1,member
DoFe,GiVe,family,1,member
DoFe,RuVe,family,1,member
DoFe,GiZa,family,1,member
DoFe,OnZa,family,1,member
DoFe,GiAb,family,1,member
DoFe,MaAb,family,1,member
DoFe,PaAl,family,1,member
DoFe,PiAl,family,1,member
DoFe,FiAr,family,1,member
DoFe,GaAr,family,1,member
DoFe,FrBu,family,1,member
DoFe,ViBu,family,1,member
DoFe,SaBu,family,1,member
DoFe,SaCh,family,1,member
DoFe,GiIn,family,1,member
DoFe,GaLo,family,1,member
DoFe,GiLo,family,1,member
DoFe,GiOl,family,1,member
DoFe,AnSi,family,1,member
DoFe,FrPa,family,1,member
DoFe,ViSi,family,1,member
DoFe,VSdA,family,1,member
DoFe,PiTa,family,1,member
GiIn,FiMa,family,1,member
GiIn,BeTi,family,1,member
GiIn,PiVe,family,1,member
GiIn,CaZa,family,1,member
GiIn,AnMa,family,1,member
GiIn,GiMa,family,1,member
GiIn,ViMa,family,1,member
GiIn,GaTi,family,1,member
GiIn,GiTi,family,1,member
GiIn,LoTi,family,1,member
GiIn,AnVe,family,1,member
GiIn,CoVe,family,1,member
GiIn,GiVe,family,1,member
GiIn,RuVe,family,1,member
GiIn,GiZa,family,1,member
GiIn,OnZa,family,1,member
GiIn,GiAb,family,1,member
GiIn,MaAb,family,1,member
GiIn,PaAl,family,1,member
GiIn,PiAl,family,1,member
GiIn,FiAr,family,1,member
GiIn,GaAr,family,1,member
GiIn,FrBu,family,1,member
GiIn,ViBu,family,1,member
GiIn,SaBu,family,1,member
GiIn,SaCh,family,1,member
GiIn,DoFe,family,1,member
GiIn,GaLo,family,1,member
GiIn,GiLo,family,1,member
GiIn,GiOl,family,1,member
GiIn,AnSi,family,1,member
GiIn,FrPa,family,1,member
GiIn,ViSi,family,1,member
GiIn,VSdA,family,1,member
GiIn,PiTa,family,1,member
GaLo,FiMa,family,1,member
GaLo,BeTi,family,1,member
GaLo,PiVe,family,1,member
GaLo,CaZa,family,1,member
GaLo,AnMa,family,1,member
GaLo,GiMa,family,1,member
GaLo,ViMa,family,1,member
GaLo,GaTi,family,1,member
GaLo,GiTi,family,1,member
GaLo,LoTi,family,1,member
GaLo,AnVe,family,1,member
GaLo,CoVe,family,1,member
GaLo,GiVe,family,1,member
GaLo,RuVe,family,1,member
GaLo,GiZa,family,1,member
GaLo,OnZa,family,1,member
GaLo,GiAb,family,1,member
GaLo,MaAb,family,1,member
GaLo,PaAl,family,1,member
GaLo,PiAl,family,1,member
GaLo,FiAr,family,1,member
GaLo,GaAr,family,1,member
GaLo,FrBu,family,1,member
GaLo,ViBu,family,1,member
GaLo,SaBu,family,1,member
GaLo,SaCh,family,1,member
GaLo,DoFe,family,1,member
GaLo,GiIn,family,1,member
GaLo,GiLo,family,2,member
GaLo,GiOl,family,1,member
GaLo,AnSi,family,1,member
GaLo,FrPa,family,1,member
GaLo,ViSi,family,1,member
GaLo,VSdA,family,1,member
GaLo,PiTa,family,1,member
GiLo,FiMa,family,1,member
GiLo,BeTi,family,1,member
GiLo,PiVe,family,1,member
GiLo,CaZa,family,1,member
GiLo,AnMa,family,1,member
GiLo,GiMa,family,1,member
GiLo,ViMa,family,1,member
GiLo,GaTi,family,1,member
GiLo,GiTi,family,1,member
GiLo,LoTi,family,1,member
GiLo,AnVe,family,1,member
GiLo,CoVe,family,1,member
GiLo,GiVe,family,1,member
GiLo,RuVe,family,1,member
GiLo,GiZa,family,1,member
GiLo,OnZa,family,1,member
GiLo,GiAb,family,1,member
GiLo,MaAb,family,1,member
GiLo,PaAl,family,1,member
GiLo,PiAl,family,1,member
GiLo,FiAr,family,1,member
GiLo,GaAr,family,1,member
GiLo,FrBu,family,1,member
GiLo,ViBu,family,1,member
GiLo,SaBu,family,1,member
GiLo,SaCh,family,1,member
GiLo,DoFe,family,1,member
GiLo,GiIn,family,1,member
GiLo,GaLo,family,2,member
GiLo,GiOl,family,1,member
GiLo,AnSi,family,1,member
GiLo,FrPa,family,1,member
GiLo,ViSi,family,1,member
GiLo,VSdA,family,1,member
GiLo,PiTa,family,1,member
GiOl,FiMa,family,1,member
GiOl,BeTi,family,1,member
GiOl,PiVe,family,1,member
GiOl,CaZa,family,1,member
GiOl,AnMa,family,1,member
GiOl,GiMa,family,1,member
GiOl,ViMa,family,1,member
GiOl,GaTi,family,1,member
GiOl,GiTi,family,1,member
GiOl,LoTi,family,1,member
GiOl,AnVe,family,1,member
GiOl,CoVe,family,1,member
GiOl,GiVe,family,1,member
GiOl,RuVe,family,1,member
GiOl,GiZa,family,1,member
GiOl,OnZa,family,1,member
GiOl,GiAb,family,1,member
GiOl,MaAb,family,1,member
GiOl,PaAl,family,1,member
GiOl,PiAl,family,1,member
GiOl,FiAr,family,1,member
GiOl,GaAr,family,1,member
GiOl,FrBu,family,1,member
GiOl,ViBu,family,1,member
GiOl,SaBu,family,1,member
GiOl,SaCh,family,1,member
GiOl,DoFe,family,1,member
GiOl,GiIn,family,1,member
GiOl,GaLo,family,1,member
GiOl,GiLo,family,1,member
GiOl,AnSi,family,1,member
GiOl,FrPa,family,1,member
GiOl,ViSi,family,1,member
GiOl,VSdA,family,1,member
GiOl,PiTa,family,1,member
AnSi,FiMa,family,1,member
AnSi,BeTi,family,1,member
AnSi,PiVe,family,1,member
AnSi,CaZa,family,1,member
AnSi,AnMa,family,1,member
AnSi,GiMa,family,1,member
AnSi,ViMa,family,1,member
AnSi,GaTi,family,1,member
AnSi,GiTi,family,1,member
AnSi,LoTi,family,1,member
AnSi,AnVe,family,1,member
AnSi,CoVe,family,1,member
AnSi,GiVe,family,1,member
AnSi,RuVe,family,1,member
AnSi,GiZa,family,1,member
AnSi,OnZa,family,1,member
AnSi,GiAb,family,1,member
AnSi,MaAb,family,1,member
AnSi,PaAl,family,1,member
AnSi,PiAl,family,1,member
AnSi,FiAr,family,1,member
AnSi,GaAr,family,1,member
AnSi,FrBu,family,1,member
AnSi,ViBu,family,1,member
AnSi,SaBu,family,1,member
AnSi,SaCh,family,1,member
AnSi,DoFe,family,1,member
AnSi,GiIn,family,1,member
AnSi,GaLo,family,1,member
AnSi,GiLo,family,1,member
AnSi,GiOl,family,1,member
AnSi,FrPa,family,2,member
AnSi,ViSi,family,2,member
AnSi,VSdA,family,2,member
AnSi,PiTa,family,1,member
FrPa,FiMa,family,1,member
FrPa,BeTi,family,1,member
FrPa,PiVe,family,1,member
FrPa,CaZa,family,1,member
FrPa,AnMa,family,1,member
FrPa,GiMa,family,1,member
FrPa,ViMa,family,1,member
FrPa,GaTi,family,1,member
FrPa,GiTi,family,1,member
FrPa,LoTi,family,1,member
FrPa,AnVe,family,1,member
FrPa,CoVe,family,1,member
FrPa,GiVe,family,1,member
FrPa,RuVe,family,1,member
FrPa,GiZa,family,1,member
FrPa,OnZa,family,1,member
FrPa,GiAb,family,1,member
FrPa,MaAb,family,1,member
FrPa,PaAl,family,1,member
FrPa,PiAl,family,1,member
FrPa,FiAr,family,1,member
FrPa,GaAr,family,1,member
FrPa,FrBu,family,1,member
FrPa,ViBu,family,1,member
FrPa,SaBu,family,1,member
FrPa,SaCh,family,1,member
FrPa,DoFe,family,1,member
FrPa,GiIn,family,1,member
FrPa,GaLo,family,1,member
FrPa,GiLo,family,1,member
FrPa,GiOl,family,1,member
FrPa,AnSi,family,2,member
FrPa,ViSi,family,2,member
FrPa,VSdA,family,2,member
FrPa,PiTa,family,1,member
ViSi,FiMa,family,1,member
ViSi,BeTi,family,1,member
ViSi,PiVe,family,1,member
ViSi,CaZa,family,1,member
ViSi,AnMa,family,1,member
ViSi,GiMa,family,1,member
ViSi,ViMa,family,1,member
ViSi,GaTi,family,1,member
ViSi,GiTi,family,1,member
ViSi,LoTi,family,1,member
ViSi,AnVe,family,1,member
ViSi,CoVe,family,1,member
ViSi,GiVe,family,1,member
ViSi,RuVe,family,1,member
ViSi,GiZa,family,1,member
ViSi,OnZa,family,1,member
ViSi,GiAb,family,1,member
ViSi,MaAb,family,1,member
ViSi,PaAl,family,1,member
ViSi,PiAl,family,1,member
ViSi,FiAr,family,1,member
ViSi,GaAr,family,1,member
ViSi,FrBu,family,1,member
ViSi,ViBu,family,1,member
ViSi,SaBu,family,1,member
ViSi,SaCh,family,1,member
ViSi,DoFe,family,1,member
ViSi,GiIn,family,1,member
ViSi,GaLo,family,1,member
ViSi,GiLo,family,1,member
ViSi,GiOl,family,1,member
ViSi,AnSi,family,2,member
ViSi,FrPa,family,2,member
ViSi,VSdA,family,2,member
ViSi,PiTa,family,1,member
VSdA,FiMa,family,1,member
VSdA,BeTi,family,1,member
VSdA,PiVe,family,1,member
VSdA,CaZa,family,1,member
VSdA,AnMa,family,1,member
VSdA,GiMa,family,1,member
VSdA,ViMa,family,1,member
VSdA,GaTi,family,1,member
VSdA,GiTi,family,1,member
VSdA,LoTi,family,1,member
VSdA,AnVe,family,1,member
VSdA,CoVe,family,1,member
VSdA,GiVe,family,1,member
VSdA,RuVe,family,1,member
VSdA,GiZa,family,1,member
VSdA,OnZa,family,1,member
VSdA,GiAb,family,1,member
VSdA,MaAb,family,1,member
VSdA,PaAl,family,1,member
VSdA,PiAl,family,1,member
VSdA,FiAr,family,1,member
VSdA,GaAr,family,1,member
VSdA,FrBu,family,1,member
VSdA,ViBu,family,1,member
VSdA,SaBu,family,1,member
VSdA,SaCh,family,1,member
VSdA,DoFe,family,1,member
VSdA,GiIn,family,1,member
VSdA,GaLo,family,1,member
VSdA,GiLo,family,1,member
VSdA,GiOl,family,1,member
VSdA,AnSi,family,2,member
VSdA,FrPa,family,2,member
VSdA,ViSi,family,2,member
VSdA,PiTa,family,1,member
PiTa,FiMa,family,1,member
PiTa,BeTi,family,1,member
PiTa,PiVe,family,1,member
PiTa,CaZa,family,1,member
PiTa,AnMa,family,1,member
PiTa,GiMa,family,1,member
PiTa,ViMa,family,1,member
PiTa,GaTi,family,1,member
PiTa,GiTi,family,1,member
PiTa,LoTi,family,1,member
PiTa,AnVe,family,1,member
PiTa,CoVe,family,1,member
PiTa,GiVe,family,1,member
PiTa,RuVe,family,1,member
PiTa,GiZa,family,1,member
PiTa,OnZa,family,1,member
PiTa,GiAb,family,1,member
PiTa,MaAb,family,1,member
PiTa,PaAl,family,1,member
PiTa,PiAl,family,1,member
PiTa,FiAr,family,1,member
PiTa,GaAr,family,1,member
PiTa,FrBu,family,1,member
PiTa,ViBu,family,1,member
PiTa,SaBu,family,1,member
PiTa,SaCh,family,1,member
PiTa,DoFe,family,1,member
PiTa,GiIn,family,1,member
PiTa,GaLo,family,1,member
PiTa,GiLo,family,1,member
PiTa,GiOl,family,1,member
PiTa,AnSi,family,1,member
PiTa,FrPa,family,1,member
PiTa,ViSi,family,1,member
PiTa,VSdA,family,1,member
FiMa,GiGr,ally,2,member
GiMa,GiGr,ally,1,member
PiVe,GaMu,ally,1,member
FiMa,GiGa,ally,1,member
FiMa,GiLu,ally,1,member
AnMa,ViPu,conflict,NA,member
GiMa,ViPu,conclict,NA,member
FiMa,ViPu,ally,1,member
DoFe,GiCa,ally,1,member
DoFe,StPa,ally,1,member
DoFe,ViPa,ally,1,member
OnZa,DoCr,ally,2,member
GiZa,DoCr,ally,2,member
CaZa,DoCr,ally,2,member
GiOl,StPa,ally,1,member
PaAl,DoCr,ally,2,member
A,AnDC,family,1,clan
A,GiDC,family,1,clan
AnDC,A,family,1,clan
GiDC,A,family,1,clan
AnDC,GiDC,family,2,member
AnDC,SaRi,ally,1,member
AnDC,BePr,ally,1,member
AnDC,FrCM,ally,1,member
AnDC,GiSc,ally,1,member
AnDC,RoRi,ally,1,member
AnDC,GiGr,ally,1,member
AnDC,MiGr,ally,1,member
AnDC,MaAg,ally,1,member
AnDC,BeBr,ally,1,member
AnDC,AnGe,ally,1,member
AnDC,GCal,ally,1,member
GiDC,AnDC,Giaa,2,member
B,GiSc,family,1,clan
B,LeGr,family,1,clan
GiSc,B,family,1,clan
LeGr,B,family,1,clan
GiSc,LeGr,family,1,member
GiSc,AnDC,ally,1,member
GiSc,RoRi,ally,1,member
GiSc,FrCM,ally,1,member
GiSc,BePr,ally,1,member
GiSc,SaRi,ally,1,member
GiSc,MiGr,ally,1,member
GiSc,GiGr,ally,1,member
GiSc,MaAg,ally,1,member
GiSc,BeBr,ally,1,member
GiSc,AnGe,ally,1,member
GiSc,GCal,ally,1,member
LeGr,GiSc,family,1,member
LeGr,MiGr,ally,3,member
LeGr,BePr,ally,2,member
P,RoRi,family,1,clan
P,GiCu,family,1,clan
P,GiGi,family,1,clan
P,GaMu,family,1,clan
RoRi,P,family,1,clan
GiCu,P,family,1,clan
GiGi,P,family,1,clan
GaMu,P,family,1,clan
RoRi,GiCu,family,1,member
RoRi,GiGi,family,1,member
RoRi,GaMu,family,1,member
RoRi,SaRi,conflict,NA,member
RoRi,BePr,conflict,NA,member
RoRi,AnDC,ally,1,member
RoRi,GiSc,ally,1,member
RoRi,AnGe,conflict,NA,member
RoRi,IgMo,conflict,NA,member
RoRi,FrCM,conflict,NA,member
RoRi,MaAG,ally,1,member
RoRi,BeBr,ally,1,member
RoRi,GCal,conflict,NA,member
RoRi,MiGr,ally,1,member
RoRi,GiGr,ally,1,member
GiCu,RoRi,family,1,member
GiCu,GiGi,family,1,member
GiCu,GaMu,family,1,member
GiGi,RoRi,family,1,member
GiGi,GiCu,family,1,member
GiGi,GaMu,family,1,member
GaMu,RoRi,family,1,member
GaMu,GiCu,family,1,member
GaMu,GiGi,family,1,member
GaMu,SaRi,ally,2,member
GaMu,PiVe,ally,1,member
R,FrCM,family,1,clan
R,GMad,family,1,clan
R,SMad,family,1,clan
R,GiCl,family,1,clan
FrCM,R,family,1,clan
GMad,R,family,1,clan
SMad,R,family,1,clan
GiCl,R,family,1,clan
FrCM,GMad,family,2,member
FrCM,SMad,family,2,member
FrCM,GiCl,family,1,member
FrCM,RoRi,ally,1,member
FrCM,SaRi,ally,2,member
FrCM,BePr,ally,2,member
FrCM,AnDC,ally,1,member
FrCM,GiSc,ally,1,member
FrCM,MiGr,ally,1,member
FrCM,GiGr,ally,1,member
FrCM,IgMo,ally,1,member
FrCM,AnGe,ally,1,member
FrCM,MaAg,ally,1,member
FrCM,BeBr,ally,1,member
FrCM,GCal,ally,1,member
GMad,FrCM,family,2,member
GMad,SMad,family,2,member
GMad,GiCl,family,1,member
GMad,SaRi,ally,2,member
GMad,ViPu,ally,1,member
GMad,BeSa,ally,1,member
SMad,FrCM,family,2,member
SMad,GMad,family,2,member
SMad,GiCl,family,1,member
GiCl,FrCM,family,1,member
GiCl,GMad,family,1,member
GiCl,SMad,family,1,member
SL,GiGa,family,1,clan
GiGa,SL,family,1,clan
GiGa,SaRi,ally,2,member
GiGa,GiGr,ally,1,member
GiGa,GiLu,ally,1,member
GiGa,ViPu,ally,1,member
GiGa,FiMa,ally,1,member
GiGa,GBPu,ally,1,member
TN,ArBo,family,1,clan
TN,FrBo,family,1,clan
TN,LuBo,family,1,clan
ArBo,TN,family,1,clan
FrBo,TN,family,1,clan
LuBo,TN,family,1,clan
ArBo,FrBo,family,2,member
ArBo,LuBo,family,2,member
ArBo,ViPu,ally,1,member
FrBo,ArBo,family,2,member
FrBo,LuBo,family,2,member
FrBo,PiPu,ally,1,member
LuBo,ArBo,family,2,member
LuBo,FrBo,family,2,member
BC,GSav,family,1,clan
BC,CaSa,family,1,clan
BC,ViSa,family,1,clan
BC,AnCa,family,1,clan
BC,GiuC,family,1,clan
BC,BeGr,family,1,clan
BC,FiGr,family,1,clan
BC,GGra,family,1,clan
BC,AnLI,family,1,clan
GSav,BC,family,1,clan
CaSa,BC,family,1,clan
ViSa,BC,family,1,clan
AnCa,BC,family,1,clan
GiuC,BC,family,1,clan
BeGr,BC,family,1,clan
FiGr,BC,family,1,clan
GGra,BC,family,1,clan
AnLI,BC,family,1,clan
GSav,GiLu,ally,1,member
GSav,CaSa,family,2,member
GSav,ViSa,family,2,member
GSav,AnCa,family,1,member
GSav,GiuC,family,1,member
GSav,BeGr,family,1,member
GSav,FiGr,family,1,member
GSav,GGra,family,1,member
GSav,AnLI,family,1,member
CaSa,GiLu,ally,1,member
CaSa,GSav,family,2,member
CaSa,ViSa,family,2,member
CaSa,AnCa,family,1,member
CaSa,GiuC,family,1,member
CaSa,BeGr,family,1,member
CaSa,FiGr,family,1,member
CaSa,GGra,family,1,member
CaSa,AnLI,family,1,member
ViSa,GiLu,ally,1,member
ViSa,GSav,family,2,member
ViSa,CaSa,family,2,member
ViSa,AnCa,family,1,member
ViSa,GiuC,family,1,member
ViSa,BeGr,family,1,member
ViSa,FiGr,family,1,member
ViSa,GGra,family,1,member
ViSa,AnLI,family,1,member
AnCa,GiLu,ally,1,member
AnCa,GSav,family,1,member
AnCa,CaSa,family,1,member
AnCa,ViSa,family,1,member
AnCa,GiuC,family,2,member
AnCa,BeGr,family,1,member
AnCa,FiGr,family,1,member
AnCa,GGra,family,1,member
AnCa,AnLI,family,1,member
AnCa,MiGr,ally,2,member
GiuC,GiLu,ally,1,member
GiuC,GSav,family,1,member
GiuC,CaSa,family,1,member
GiuC,ViSa,family,1,member
GiuC,AnCa,family,2,member
GiuC,BeGr,family,1,member
GiuC,FiGr,family,1,member
GiuC,GGra,family,1,member
GiuC,AnLI,family,1,member
BeGr,GiLu,ally,1,member
BeGr,GSav,family,1,member
BeGr,CaSa,family,1,member
BeGr,ViSa,family,1,member
BeGr,AnCa,family,1,member
BeGr,GiuC,family,1,member
BeGr,FiGr,family,2,member
BeGr,GGra,family,2,member
BeGr,AnLI,family,1,member
FiGr,GiLu,ally,1,member
FiGr,GSav,family,1,member
FiGr,CaSa,family,1,member
FiGr,ViSa,family,1,member
FiGr,AnCa,family,1,member
FiGr,GiuC,family,1,member
FiGr,BeGr,family,2,member
FiGr,GGra,family,2,member
FiGr,AnLI,family,1,member
GGra,GiLu,ally,1,member
GGra,GSav,family,1,member
GGra,CaSa,family,1,member
GGra,ViSa,family,1,member
GGra,AnCa,family,1,member
GGra,GiuC,family,1,member
GGra,BeGr,family,2,member
GGra,FiGr,family,2,member
GGra,AnLI,family,1,member
GGra,SaRi,ally,2,member
AnLI,GiLu,ally,1,member
AnLI,GSav,family,1,member
AnLI,CaSa,family,1,member
AnLI,ViSa,family,1,member
AnLI,AnCa,family,1,member
AnLI,GiuC,family,1,member
AnLI,BeGr,family,1,member
AnLI,FiGr,family,1,member
AnLI,GGra,family,1,member
CC,GiLu,family,1,clan
CC,RoMa,family,1,clan
CC,SaMa,family,1,clan
CC,MiGr,family,1,clan
CC,SaGr,family,1,clan
CC,GiGr,family,1,clan
CC,GiuG,family,1,clan
CC,GGre,family,1,clan
CC,FrBu,family,1,clan
CC,ViBu,family,1,clan
CC,GiCa,family,1,clan
CC,AnLu,family,1,clan
CC,GiPa,family,1,clan
CC,StPa,family,1,clan
CC,GiPr,family,1,clan
CC,GPre,family,1,clan
CC,GiuP,family,1,clan
CC,DoCr,family,1,clan
CC,AnLR,family,1,clan
CC,GiLR,family,1,clan
CC,ViPa,family,1,clan
CC,AnPu,family,1,clan
CC,PiPu,family,1,clan
CC,ViPu,family,1,clan
CC,SaPr,family,1,clan
CC,NiPr,family,1,clan
CC,NGre,family,1,clan
GiLu,CC,family,1,clan
RoMa,CC,family,1,clan
SaMa,CC,family,1,clan
MiGr,CC,family,1,clan
SaGr,CC,family,1,clan
GiGr,CC,family,1,clan
GiuG,CC,family,1,clan
GGre,CC,family,1,clan
FrBu,CC,family,1,clan
ViBu,CC,family,1,clan
GiCa,CC,family,1,clan
AnLu,CC,family,1,clan
GiPa,CC,family,1,clan
StPa,CC,family,1,clan
GiPr,CC,family,1,clan
GPre,CC,family,1,clan
GiuP,CC,family,1,clan
DoCr,CC,family,1,clan
AnLR,CC,family,1,clan
GiLR,CC,family,1,clan
ViPa,CC,family,1,clan
AnPu,CC,family,1,clan
PiPu,CC,family,1,clan
ViPu,CC,family,1,clan
SaPr,CC,family,1,clan
NiPr,CC,family,1,clan
NGre,CC,family,1,clan
MiGr,SaGr,family,2,member
MiGr,GiGr,family,1,member
MiGr,GiuG,family,2,member
MiGr,GGre,family,2,member
MiGr,FrBu,family,1,member
MiGr,ViBu,family,1,member
MiGr,GiCa,family,1,member
MiGr,AnLu,family,1,member
MiGr,GiPa,family,1,member
MiGr,StPa,family,1,member
MiGr,GiPr,family,1,member
MiGr,GPre,family,1,member
MiGr,GiuP,family,1,member
MiGr,DoCr,family,1,member
MiGr,AnLR,family,1,member
MiGr,GiLR,family,1,member
MiGr,ViPa,family,1,member
MiGr,AnPu,family,1,member
MiGr,PiPu,family,1,member
MiGr,ViPu,family,1,member
MiGr,SaPr,family,1,member
MiGr,NiPr,family,1,member
MiGr,NGre,family,2,member
MiGr,SaRi,ally,2,member
MiGr,BePr,ally,2,member
MiGr,LeBa,ally,2,member
MiGr,RoMa,family,1,member
MiGr,SaMa,family,1,member
MiGr,AnDC,ally,1,member
MiGr,GiSc,ally,1,member
MiGr,LeGr,ally,3,member
MiGr,FrCM,ally,1,member
MiGr,GiLu,family,1,member
MiGr,AnCa,ally,2,member
MiGr,AnGe,ally,1,member
MiGr,IgMo,ally,1,member
MiGr,RoRi,ally,1,member
MiGr,MaAg,ally,1,member
MiGr,BeBr,ally,1,member
MiGr,IgSa,ally,1,member
MiGr,GCal,ally,1,member
GiGr,MiGr,family,1,member
GiGr,SaGr,family,1,member
GiGr,GiuG,family,1,member
GiGr,GGre,family,1,member
GiGr,FrBu,family,1,member
GiGr,ViBu,family,1,member
GiGr,GiCa,family,1,member
GiGr,AnLu,family,1,member
GiGr,GiPa,family,1,member
GiGr,StPa,family,1,member
GiGr,GiPr,family,1,member
GiGr,GPre,family,1,member
GiGr,GiuP,family,1,member
GiGr,DoCr,family,1,member
GiGr,AnLR,family,1,member
GiGr,GiLR,family,1,member
GiGr,ViPa,family,1,member
GiGr,AnPu,family,1,member
GiGr,PiPu,family,1,member
GiGr,ViPu,conflict,NA,member
GiGr,SaPr,family,1,member
GiGr,NiPr,family,1,member
GiGr,NGre,family,1,member
GiGr,SaRi,conflict,NA,member
GiGr,BePr,ally,1,member
GiGr,RoMa,family,1,member
GiGr,SaMa,family,1,member
GiGr,GiLu,conflict,NA,member
GiGr,FiMa,ally,2,member
GiGr,GBPu,ally,1,member
GiGr,AnDC,ally,1,member
GiGr,GiSc,ally,1,member
GiGr,FrCM,ally,1,member
GiGr,GiGa,ally,1,member
GiGr,AnGe,ally,1,member
GiGr,IgMo,ally,1,member
GiGr,RoRi,ally,1,member
GiGr,GiMa,ally,1,member
GiGr,MaAg,ally,1,member
GiCr,BeBr,ally,1,member
GiCr,GCal,ally,1,member
SaGr,MiGr,family,2,member
SaGr,GiGr,family,1,member
SaGr,GiuG,family,2,member
SaGr,GGre,family,2,member
SaGr,FrBu,family,1,member
SaGr,ViBu,family,1,member
SaGr,GiCa,family,1,member
SaGr,AnLu,family,1,member
SaGr,GiPa,family,1,member
SaGr,StPa,family,1,member
SaGr,GiPr,family,1,member
SaGr,GPre,family,1,member
SaGr,GiuP,family,1,member
SaGr,DoCr,family,1,member
SaGr,AnLR,family,1,member
SaGr,GiLR,family,1,member
SaGr,ViPa,family,1,member
SaGr,AnPu,family,1,member
SaGr,PiPu,family,1,member
SaGr,ViPu,family,1,member
SaGr,SaPr,family,1,member
SaGr,NiPr,family,1,member
SaGr,NGre,family,2,member
SaGr,GiLu,family,1,member
SaGr,RoMa,family,1,member
SaGr,SaMa,family,1,member
GiuG,MiGr,family,2,member
GiuG,GiGr,family,1,member
GiuG,SaGr,family,2,member
GiuG,GGre,family,2,member
GiuG,FrBu,family,1,member
GiuG,ViBu,family,1,member
GiuG,GiCa,family,1,member
GiuG,AnLu,family,1,member
GiuG,GiPa,family,1,member
GiuG,StPa,family,1,member
GiuG,GiPr,family,1,member
GiuG,GPre,family,1,member
GiuG,GiuP,family,1,member
GiuG,DoCr,family,1,member
GiuG,AnLR,family,1,member
GiuG,GiLR,family,1,member
GiuG,ViPa,family,1,member
GiuG,AnPu,family,1,member
GiuG,PiPu,family,1,member
GiuG,ViPu,family,1,member
GiuG,SaPr,family,1,member
GiuG,NiPr,family,1,member
GiuG,NGre,family,2,member
GiuG,GiLu,family,1,member
GiuG,RoMa,family,1,member
GiuG,SaMa,family,1,member
GGre,MiGr,family,2,member
GGre,GiGr,family,1,member
GGre,SaGr,family,2,member
GGre,GiuG,family,2,member
GGre,FrBu,family,1,member
GGre,ViBu,family,1,member
GGre,GiCa,family,1,member
GGre,AnLu,family,1,member
GGre,GiPa,family,1,member
GGre,StPa,family,1,member
GGre,GiPr,family,1,member
GGre,GPre,family,1,member
GGre,GiuP,family,1,member
GGre,DoCr,family,1,member
GGre,AnLR,family,1,member
GGre,GiLR,family,1,member
GGre,ViPa,family,1,member
GGre,AnPu,family,1,member
GGre,PiPu,family,1,member
GGre,ViPu,family,1,member
GGre,SaPr,family,1,member
GGre,NiPr,family,1,member
GGre,NGre,family,2,member
GGre,GiLu,family,1,member
GGre,RoMa,family,1,member
GGre,SaMa,family,1,member
FrBu,MiGr,family,1,member
FrBu,GiGr,family,1,member
FrBu,SaGr,family,1,member
FrBu,GiuG,family,1,member
FrBu,GGre,family,1,member
FrBu,ViBu,family,2,member
FrBu,GiCa,family,1,member
FrBu,AnLu,family,1,member
FrBu,GiPa,family,1,member
FrBu,StPa,family,1,member
FrBu,GiPr,family,1,member
FrBu,GPre,family,1,member
FrBu,GiuP,family,1,member
FrBu,DoCr,family,1,member
FrBu,AnLR,family,1,member
FrBu,GiLR,family,1,member
FrBu,ViPa,family,1,member
FrBu,AnPu,family,1,member
FrBu,PiPu,family,1,member
FrBu,ViPu,family,1,member
FrBu,SaPr,family,1,member
FrBu,NiPr,family,1,member
FrBu,NGre,family,1,member
FrBu,GiLu,family,1,member
FrBu,RoMa,family,1,member
FrBu,SaMa,family,1,member
ViBu,MiGr,family,1,member
ViBu,GiGr,family,1,member
ViBu,SaGr,family,1,member
ViBu,GiuG,family,1,member
ViBu,GGre,family,1,member
ViBu,FrBu,family,2,member
ViBu,GiCa,family,1,member
ViBu,AnLu,family,1,member
ViBu,GiPa,family,1,member
ViBu,StPa,family,1,member
ViBu,GiPr,family,1,member
ViBu,GPre,family,1,member
ViBu,GiuP,family,1,member
ViBu,DoCr,family,1,member
ViBu,AnLR,family,1,member
ViBu,GiLR,family,1,member
ViBu,ViPa,family,1,member
ViBu,AnPu,family,1,member
ViBu,PiPu,family,1,member
ViBu,ViPu,family,1,member
ViBu,SaPr,family,1,member
ViBu,NiPr,family,1,member
ViBu,NGre,family,1,member
ViBu,GiLu,family,1,member
ViBu,RoMa,family,1,member
ViBu,SaMa,family,1,member
GiCa,MiGr,family,1,member
GiCa,GiGr,family,1,member
GiCa,SaGr,family,1,member
GiCa,GiuG,family,1,member
GiCa,GGre,family,1,member
GiCa,FrBu,family,1,member
GiCa,ViBu,family,1,member
GiCa,AnLu,family,1,member
GiCa,GiPa,family,1,member
GiCa,StPa,family,1,member
GiCa,GiPr,family,1,member
GiCa,GPre,family,1,member
GiCa,GiuP,family,1,member
GiCa,DoCr,family,1,member
GiCa,AnLR,family,1,member
GiCa,GiLR,family,1,member
GiCa,ViPa,family,1,member
GiCa,AnPu,family,1,member
GiCa,PiPu,family,1,member
GiCa,ViPu,family,1,member
GiCa,SaPr,family,1,member
GiCa,NiPr,family,1,member
GiCa,NGre,family,1,member
GiCa,GiLu,family,1,member
GiCa,RoMa,family,1,member
GiCa,SaMa,family,1,member
GiCa,DoFe,ally,1,member
DoCr,MiGr,family,1,member
DoCr,GiGr,family,1,member
DoCr,SaGr,family,1,member
DoCr,GiuG,family,1,member
DoCr,GGre,family,1,member
DoCr,FrBu,family,1,member
DoCr,ViBu,family,1,member
DoCr,AnLu,family,1,member
DoCr,GiPa,family,1,member
DoCr,StPa,family,1,member
DoCr,GiPr,family,1,member
DoCr,GPre,family,1,member
DoCr,GiuP,family,1,member
DoCr,GiCa,family,1,member
DoCr,AnLR,family,1,member
DoCr,GiLR,family,1,member
DoCr,ViPa,family,1,member
DoCr,AnPu,family,1,member
DoCr,PiPu,family,1,member
DoCr,ViPu,family,1,member
DoCr,SaPr,family,1,member
DoCr,NiPr,family,1,member
DoCr,NGre,family,1,member
DoCr,GiLu,family,1,member
DoCr,RoMa,family,1,member
DoCr,SaMa,family,1,member
DoCr,PaAl,ally,2,member
DoCr,CaZa,ally,2,member
DoCr,GiZa,ally,2,member
DoCr,OnZa,ally,2,member
AnLR,MiGr,family,1,member
AnLR,GiGr,family,1,member
AnLR,SaGr,family,1,member
AnLR,GiuG,family,1,member
AnLR,GGre,family,1,member
AnLR,FrBu,family,1,member
AnLR,ViBu,family,1,member
AnLR,AnLu,family,1,member
AnLR,GiPa,family,1,member
AnLR,StPa,family,1,member
AnLR,GiPr,family,1,member
AnLR,GPre,family,1,member
AnLR,GiuP,family,1,member
AnLR,GiCa,family,1,member
AnLR,DoCr,family,1,member
AnLR,GiLR,family,2,member
AnLR,ViPa,family,1,member
AnLR,AnPu,family,1,member
AnLR,PiPu,family,1,member
AnLR,ViPu,family,1,member
AnLR,SaPr,family,1,member
AnLR,NiPr,family,1,member
AnLR,NGre,family,1,member
AnLR,GiLu,family,1,member
AnLR,RoMa,family,1,member
AnLR,SaMa,family,1,member
GiLR,MiGr,family,1,member
GiLR,GiGr,family,1,member
GiLR,SaGr,family,1,member
GiLR,GiuG,family,1,member
GiLR,GGre,family,1,member
GiLR,FrBu,family,1,member
GiLR,ViBu,family,1,member
GiLR,AnLu,family,1,member
GiLR,GiPa,family,1,member
GiLR,StPa,family,1,member
GiLR,GiPr,family,1,member
GiLR,GPre,family,1,member
GiLR,GiuP,family,1,member
GiLR,GiCa,family,1,member
GiLR,DoCr,family,1,member
GiLR,AnLR,family,2,member
GiLR,ViPa,family,1,member
GiLR,AnPu,family,1,member
GiLR,PiPu,family,1,member
GiLR,ViPu,family,1,member
GiLR,SaPr,family,1,member
GiLR,NiPr,family,1,member
GiLR,NGre,family,1,member
GiLR,GiLu,family,1,member
GiLR,RoMa,family,1,member
GiLR,SaMa,family,1,member
AnLu,MiGr,family,1,member
AnLu,GiGr,family,1,member
AnLu,SaGr,family,1,member
AnLu,GiuG,family,1,member
AnLu,GGre,family,1,member
AnLu,FrBu,family,1,member
AnLu,ViBu,family,1,member
AnLu,GiLR,family,1,member
AnLu,GiPa,family,1,member
AnLu,StPa,family,1,member
AnLu,GiPr,family,1,member
AnLu,GPre,family,1,member
AnLu,GiuP,family,1,member
AnLu,GiCa,family,1,member
AnLu,DoCr,family,1,member
AnLu,AnLR,family,1,member
AnLu,ViPa,family,1,member
AnLu,AnPu,family,1,member
AnLu,PiPu,family,1,member
AnLu,ViPu,family,1,member
AnLu,SaPr,family,1,member
AnLu,NiPr,family,1,member
AnLu,NGre,family,1,member
AnLu,GiLu,family,2,member
AnLu,RoMa,family,1,member
AnLu,SaMa,family,1,member
AnLu,ToSp,ally,3,member
GiLu,GSav,ally,1,member
GiLu,CaSa,ally,1,member
GiLu,ViSa,ally,1,member
GiLu,AnCa,ally,1,member
GiLu,GiuC,ally,1,member
GiLu,BeGr,ally,1,member
GiLu,FiGr,ally,1,member
GiLu,GGra,ally,1,member
GiLu,AnLI,ally,1,member
GiLu,SaRi,ally,2,member
GiLu,GiGr,conflict,NA,member
GiLu,BePr,ally,2,member
GiLu,AnLu,family,2,member
GiLu,GiGa,ally,1,member
GiLu,ViPu,family,1,member
GiLu,FiMa,ally,1,member
GiLu,GBPu,ally,1,member
GiLu,ToSp,ally,3,member
GiLu,MiGr,family,1,member
GiLu,SaGr,family,1,member
GiLu,GiuG,family,1,member
GiLu,GGre,family,1,member
GiLu,FrBu,family,1,member
GiLu,ViBu,family,1,member
GiLu,GiLR,family,1,member
GiLu,GiPa,family,1,member
GiLu,StPa,family,1,member
GiLu,GiPr,family,1,member
GiLu,GPre,family,1,member
GiLu,GiuP,family,1,member
GiLu,GiCa,family,1,member
GiLu,DoCr,family,1,member
GiLu,AnLR,family,1,member
GiLu,ViPa,family,1,member
GiLu,AnPu,family,1,member
GiLu,PiPu,family,1,member
GiLu,SaPr,family,1,member
GiLu,NiPr,family,1,member
GiLu,NGre,family,1,member
GiLu,RoMa,family,1,member
GiLu,SaMa,family,1,member
GiPa,MiGr,family,1,member
GiPa,GiGr,family,1,member
GiPa,SaGr,family,1,member
GiPa,GiuG,family,1,member
GiPa,GGre,family,1,member
GiPa,FrBu,family,1,member
GiPa,ViBu,family,1,member
GiPa,GiLR,family,1,member
GiPa,AnLu,family,1,member
GiPa,StPa,family,2,member
GiPa,GiPr,family,1,member
GiPa,GPre,family,1,member
GiPa,GiuP,family,1,member
GiPa,GiCa,family,1,member
GiPa,DoCr,family,1,member
GiPa,AnLR,family,1,member
GiPa,ViPa,family,2,member
GiPa,AnPu,family,1,member
GiPa,PiPu,family,1,member
GiPa,ViPu,family,1,member
GiPa,SaPr,family,1,member
GiPa,NiPr,family,1,member
GiPa,NGre,family,1,member
GiPa,GiLu,family,1,member
GiPa,RoMa,family,1,member
GiPa,SaMa,family,1,member
StPa,MiGr,family,1,member
StPa,GiGr,family,1,member
StPa,SaGr,family,1,member
StPa,GiuG,family,1,member
StPa,GGre,family,1,member
StPa,FrBu,family,1,member
StPa,ViBu,family,1,member
StPa,GiLR,family,1,member
StPa,AnLu,family,1,member
StPa,GiPa,family,2,member
StPa,GiPr,family,1,member
StPa,GPre,family,1,member
StPa,GiuP,family,1,member
StPa,GiCa,family,1,member
StPa,DoCr,family,1,member
StPa,AnLR,family,1,member
StPa,ViPa,family,2,member
StPa,AnPu,family,1,member
StPa,PiPu,family,1,member
StPa,ViPu,family,1,member
StPa,SaPr,family,1,member
StPa,NiPr,family,1,member
StPa,NGre,family,1,member
StPa,GiLu,family,1,member
StPa,RoMa,family,1,member
StPa,SaMa,family,1,member
StPa,DoFe,ally,1,member
StPa,GBPu,ally,1,member
StPa,GiOl,ally,1,member
ViPa,MiGr,family,1,member
ViPa,GiGr,family,1,member
ViPa,SaGr,family,1,member
ViPa,GiuG,family,1,member
ViPa,GGre,family,1,member
ViPa,FrBu,family,1,member
ViPa,ViBu,family,1,member
ViPa,GiLR,family,1,member
ViPa,AnLu,family,1,member
ViPa,GiPa,family,2,member
ViPa,GiPr,family,1,member
ViPa,GPre,family,1,member
ViPa,GiuP,family,1,member
ViPa,GiCa,family,1,member
ViPa,DoCr,family,1,member
ViPa,AnLR,family,1,member
ViPa,StPa,family,2,member
ViPa,AnPu,family,1,member
ViPa,PiPu,family,1,member
ViPa,ViPu,family,1,member
ViPa,SaPr,family,1,member
ViPa,NiPr,family,1,member
ViPa,NGre,family,1,member
ViPa,GiLu,family,1,member
ViPa,RoMa,family,1,member
ViPa,SaMa,family,1,member
ViPa,DoFe,ally,1,member
AnPu,MiGr,family,1,member
AnPu,GiGr,family,1,member
AnPu,SaGr,family,1,member
AnPu,GiuG,family,1,member
AnPu,GGre,family,1,member
AnPu,FrBu,family,1,member
AnPu,ViBu,family,1,member
AnPu,GiLR,family,1,member
AnPu,AnLu,family,1,member
AnPu,GiPa,family,1,member
AnPu,GiPr,family,1,member
AnPu,GPre,family,1,member
AnPu,GiuP,family,1,member
AnPu,GiCa,family,1,member
AnPu,DoCr,family,1,member
AnPu,AnLR,family,1,member
AnPu,StPa,family,1,member
AnPu,ViPa,family,1,member
AnPu,PiPu,family,2,member
AnPu,ViPu,family,2,member
AnPu,SaPr,family,1,member
AnPu,NiPr,family,1,member
AnPu,NGre,family,1,member
AnPu,GiLu,family,1,member
AnPu,RoMa,family,1,member
AnPu,SaMa,family,1,member
PiPu,MiGr,family,1,member
PiPu,GiGr,family,1,member
PiPu,SaGr,family,1,member
PiPu,GiuG,family,1,member
PiPu,GGre,family,1,member
PiPu,FrBu,family,1,member
PiPu,ViBu,family,1,member
PiPu,GiLR,family,1,member
PiPu,AnLu,family,1,member
PiPu,GiPa,family,1,member
PiPu,GiPr,family,1,member
PiPu,GPre,family,1,member
PiPu,GiuP,family,1,member
PiPu,GiCa,family,1,member
PiPu,DoCr,family,1,member
PiPu,AnLR,family,1,member
PiPu,StPa,family,1,member
PiPu,ViPa,family,1,member
PiPu,AnPu,family,2,member
PiPu,ViPu,family,2,member
PiPu,SaPr,family,1,member
PiPu,NiPr,family,1,member
PiPu,NGre,family,1,member
PiPu,GiLu,family,1,member
PiPu,RoMa,family,1,member
PiPu,SaMa,family,1,member
PiPu,SaRi,conflict,NA,member
PiPu,FrBo,ally,1,member
ViPu,MiGr,family,1,member
ViPu,GiGr,conflict,NA,member
ViPu,SaGr,family,1,member
ViPu,GiuG,family,1,member
ViPu,GGre,family,1,member
ViPu,FrBu,family,1,member
ViPu,ViBu,family,1,member
ViPu,GiLR,family,1,member
ViPu,AnLu,family,1,member
ViPu,GiPa,family,1,member
ViPu,GiPr,family,1,member
ViPu,GPre,family,1,member
ViPu,GiuP,family,1,member
ViPu,GiCa,family,1,member
ViPu,DoCr,family,1,member
ViPu,AnLR,family,1,member
ViPu,StPa,family,1,member
ViPu,ViPa,family,1,member
ViPu,AnPu,family,2,member
ViPu,PiPu,family,2,member
ViPu,SaPr,family,1,member
ViPu,NiPr,family,2,member
ViPu,NGre,family,1,member
ViPu,GiLu,family,1,member
ViPu,RoMa,family,1,member
ViPu,GMad,ally,1,member
ViPu,SaMa,family,1,member
ViPu,ArBo,ally,1,member
ViPu,SaRi,ally,1,member
ViPu,AnMa,conflict,NA,member
ViPu,GiMa,conflict,NA,member
ViPu,FiMa,ally,1,member
ViPu,GBPu,ally,1,member
ViPu,GiGa,ally,1,member
GiPr,MiGr,family,1,member
GiPr,GiGr,family,1,member
GiPr,SaGr,family,1,member
GiPr,GiuG,family,1,member
GiPr,GGre,family,1,member
GiPr,FrBu,family,1,member
GiPr,ViBu,family,1,member
GiPr,GiLR,family,1,member
GiPr,AnLu,family,1,member
GiPr,GiPa,family,1,member
GiPr,ViPu,family,1,member
GiPr,GPre,family,2,member
GiPr,GiuP,family,2,member
GiPr,GiCa,family,1,member
GiPr,DoCr,family,1,member
GiPr,AnLR,family,1,member
GiPr,StPa,family,1,member
GiPr,ViPa,family,1,member
GiPr,AnPu,family,1,member
GiPr,PiPu,family,1,member
GiPr,SaPr,family,2,member
GiPr,NiPr,family,2,member
GiPr,NGre,family,1,member
GiPr,GiLu,family,1,member
GiPr,RoMa,family,1,member
GiPr,SaMa,family,1,member
GPre,MiGr,family,1,member
GPre,GiGr,family,1,member
GPre,SaGr,family,1,member
GPre,GiuG,family,1,member
GPre,GGre,family,1,member
GPre,FrBu,family,1,member
GPre,ViBu,family,1,member
GPre,GiLR,family,1,member
GPre,AnLu,family,1,member
GPre,GiPa,family,1,member
GPre,ViPu,family,1,member
GPre,GiPr,family,2,member
GPre,GiuP,family,2,member
GPre,GiCa,family,1,member
GPre,DoCr,family,1,member
GPre,AnLR,family,1,member
GPre,StPa,family,1,member
GPre,ViPa,family,1,member
GPre,AnPu,family,1,member
GPre,PiPu,family,1,member
GPre,SaPr,family,2,member
GPre,NiPr,family,2,member
GPre,NGre,family,1,member
GPre,GiLu,family,1,member
GPre,RoMa,Family,1,member
GPre,SaMa,Family,1,member
GiuP,MiGr,family,1,member
GiuP,GiGr,family,1,member
GiuP,SaGr,family,1,member
GiuP,GiuG,family,1,member
GiuP,GGre,family,1,member
GiuP,FrBu,family,1,member
GiuP,ViBu,family,1,member
GiuP,GiLR,family,1,member
GiuP,AnLu,family,1,member
GiuP,GiPa,family,1,member
GiuP,ViPu,family,1,member
GiuP,GiPr,family,2,member
GiuP,GPre,family,2,member
GiuP,GiCa,family,1,member
GiuP,DoCr,family,1,member
GiuP,AnLR,family,1,member
GiuP,StPa,family,1,member
GiuP,ViPa,family,1,member
GiuP,AnPu,family,1,member
GiuP,PiPu,family,1,member
GiuP,SaPr,family,2,member
GiuP,NiPr,family,2,member
GiuP,NGre,family,1,member
GiuP,GiLu,family,1,member
GiuP,RoMa,family,1,member
GiuP,SaMa,family,1,member
SaPr,MiGr,family,1,member
SaPr,GiGr,family,1,member
SaPr,SaGr,family,1,member
SaPr,GiuG,family,1,member
SaPr,GGre,family,1,member
SaPr,FrBu,family,1,member
SaPr,ViBu,family,1,member
SaPr,GiLR,family,1,member
SaPr,AnLu,family,1,member
SaPr,GiPa,family,1,member
SaPr,ViPu,family,1,member
SaPr,GiPr,family,2,member
SaPr,GPre,family,2,member
SaPr,GiCa,family,1,member
SaPr,DoCr,family,1,member
SaPr,AnLR,family,1,member
SaPr,StPa,family,1,member
SaPr,ViPa,family,1,member
SaPr,AnPu,family,1,member
SaPr,PiPu,family,1,member
SaPr,GiuP,family,2,member
SaPr,NiPr,family,2,member
SaPr,NGre,family,1,member
SaPr,GiLu,family,1,member
SaPr,RoMa,family,1,member
SaPr,SaMa,family,1,member
NiPr,MiGr,family,1,member
NiPr,GiGr,family,1,member
NiPr,SaGr,family,1,member
NiPr,GiuG,family,1,member
NiPr,GGre,family,1,member
NiPr,FrBu,family,1,member
NiPr,ViBu,family,1,member
NiPr,GiLR,family,1,member
NiPr,AnLu,family,1,member
NiPr,GiPa,family,1,member
NiPr,ViPu,family,1,member
NiPr,GiPr,family,2,member
NiPr,GPre,family,2,member
NiPr,GiCa,family,1,member
NiPr,DoCr,family,1,member
NiPr,AnLR,family,1,member
NiPr,StPa,family,1,member
NiPr,ViPa,family,1,member
NiPr,AnPu,family,1,member
NiPr,PiPu,family,1,member
NiPr,GiuP,family,2,member
NiPr,SaPr,family,2,member
NiPr,NGre,family,1,member
NiPr,GiLu,family,1,member
NiPr,RoMa,family,1,member
NiPr,SaMa,family,1,member
NGre,MiGr,family,1,member
NGre,GiGr,family,1,member
NGre,SaGr,family,1,member
NGre,GiuG,family,1,member
NGre,GGre,family,1,member
NGre,FrBu,family,1,member
NGre,ViBu,family,1,member
NGre,GiLR,family,1,member
NGre,AnLu,family,1,member
NGre,GiPa,family,1,member
NGre,ViPu,family,1,member
NGre,GiPr,family,1,member
NGre,GPre,family,1,member
NGre,GiCa,family,1,member
NGre,DoCr,family,1,member
NGre,AnLR,family,1,member
NGre,StPa,family,1,member
NGre,ViPa,family,1,member
NGre,AnPu,family,1,member
NGre,PiPu,family,1,member
NGre,GiuP,family,1,member
NGre,SaPr,family,1,member
NGre,NiPr,family,1,member
NGre,GiLu,family,1,member
NGre,RoMa,family,1,member
NGre,SaMa,family,1,member
RoMa,SaMa,family,2,member
RoMa,MiGr,family,1,member
RoMa,NGre,family,1,member
RoMa,GiGr,family,1,member
RoMa,SaGr,family,1,member
RoMa,GiuG,family,1,member
RoMa,GGre,family,1,member
RoMa,FrBu,family,1,member
RoMa,ViBu,family,1,member
RoMa,GiLR,family,1,member
RoMa,AnLu,family,1,member
RoMa,GiPa,family,1,member
RoMa,ViPu,family,1,member
RoMa,GiPr,family,1,member
RoMa,GPre,family,1,member
RoMa,GiCa,family,1,member
RoMa,DoCr,family,1,member
RoMa,AnLR,family,1,member
RoMa,StPa,family,1,member
RoMa,ViPa,family,1,member
RoMa,AnPu,family,1,member
RoMa,PiPu,family,1,member
RoMa,GiuP,family,1,member
RoMa,SaPr,family,1,member
RoMa,NiPr,family,1,member
RoMa,GiLu,family,1,member
SaMa,RoMa,family,2,member
SaMa,MiGr,family,1,member
SaMa,NGre,family,1,member
SaMa,GiGr,family,1,member
SaMa,SaGr,family,1,member
SaMa,GiuG,family,1,member
SaMa,GGre,family,1,member
SaMa,FrBu,family,1,member
SaMa,ViBu,family,1,member
SaMa,GiLR,family,1,member
SaMa,AnLu,family,1,member
SaMa,GiPa,family,1,member
SaMa,ViPu,family,1,member
SaMa,GiPr,family,1,member
SaMa,GPre,family,1,member
SaMa,GiCa,family,1,member
SaMa,DoCr,family,1,member
SaMa,AnLR,family,1,member
SaMa,StPa,family,1,member
SaMa,ViPa,family,1,member
SaMa,AnPu,family,1,member
SaMa,PiPu,family,1,member
SaMa,GiuP,family,1,member
SaMa,SaPr,family,1,member
SaMa,NiPr,family,1,member
SaMa,GiLu,family,1,member
C,SaRi,family,1,clan
C,BePr,family,1,clan
C,LeBa,family,1,clan
C,SaPa,family,1,clan
C,PaPa,family,1,clan
SaRi,C,family,1,clan
BePr,C,family,1,clan
LeBa,C,family,1,clan
SaPa,C,family,1,clan
PaPa,C,family,1,clan
SaRi,BePr,family,1,member
SaRi,LeBa,family,1,member
SaRi,SaPa,family,1,member
SaRi,PaPa,family,1,member
SaRi,MiGr,ally,2,member
SaRi,AnDc,ally,1,member
SaRi,GiSc,ally,1,member
SaRi,RoRi,conflict,NA,member
SaRi,FrCM,ally,2,member
SaRi,MaAg,ally,1,member
SaRi,BeSa,ally,2,member
SaRi,BeBr,ally,1,member
SaRi,GiBr,ally,1,member
SaRi,GCal,ally,1,member
SaRi,GiGr,conflict,NA,member
SaRi,GaMu,ally,2,member
SaRi,GMad,ally,2,member
SaRi,GiGa,ally,2,member
SaRi,GiLu,ally,2,member
SaRi,GGra,ally,2,member
SaRi,PiPu,conflict,NA,member
SaRi,ViPu,ally,1,member
SaRi,AnRo,ally,2,member
SaRi,AnGe,ally,1,member
SaRi,ToBu,conflict,NA,member
SaRi,IgMo,ally,1,member
SaRi,IgSa,conflict,NA,member
BePr,SaRi,family,1,member
BePr,LeBa,family,1,member
BePr,SaPa,family,1,member
BePr,PaPa,family,1,member
BePr,MiGr,ally,2,member
BePr,AnDC,ally,1,member
BePr,LeGr,ally,2,member
BePr,GiSc,ally,1,member
BePr,RoRi,conlict,NA,member
BePr,FrCM,ally,2,member
BePr,GiLu,ally,2,member
BePr,MaAg,ally,1,member
BePr,BeBr,ally,1,member
BePr,GiBr,ally,1,member
BePr,GCal,ally,1,member
BePr,GiGr,ally,1,member
BePr,AnGe,ally,1,member
BePr,IgMo,ally,1,member
LeBa,SaRi,family,1,member
LeBa,BePr,family,1,member
LeBa,SaPa,family,1,member
LeBa,PaPa,family,1,member
LeBa,MiGr,ally,2,member
SaPa,SaRi,family,1,member
SaPa,BePr,family,1,member
SaPa,LeBa,family,1,member
SaPa,PaPa,family,2,member
PaPa,SaRi,family,1,member
PaPa,BePr,family,1,member
PaPa,LeBa,family,1,member
PaPa,SaPa,family,2,member
PN,GCal,family,1,clan
PN,ToSp,family,1,clan
PN,GeAl,family,1,clan
PN,GiBa,family,1,clan
PN,ToBu,family,1,clan
PN,AnRo,family,1,clan
PN,GiuCa,family,1,clan
PN,GiCi,family,1,clan
PN,AnCi,family,1,clan
PN,ToMa,family,1,clan
PN,VitM,family,1,clan
PN,NiMi,family,1,clan
PN,NuMi,family,1,clan
PN,SaMi,family,1,clan
PN,SaRo,family,1,clan
PN,PiSe,family,1,clan
PN,AnSp,family,1,clan
PN,FrSp,family,1,clan
PN,GiSp,family,1,clan
PN,ViSp,family,1,clan
GCal,PN,family,1,clan
ToSp,PN,family,1,clan
GeAl,PN,family,1,clan
GiBa,PN,family,1,clan
ToBu,PN,family,1,clan
AnRo,PN,family,1,clan
GiuCa,PN,family,1,clan
GiCi,PN,family,1,clan
AnCi,PN,family,1,clan
ToMa,PN,family,1,clan
VitM,PN,family,1,clan
NiMi,PN,family,1,clan
NuMi,PN,family,1,clan
SaMi,PN,family,1,clan
SaRo,PN,family,1,clan
PiSe,PN,family,1,clan
AnSp,PN,family,1,clan
FrSp,PN,family,1,clan
GiSp,PN,family,1,clan
ViSp,PN,family,1,clan
GCal,ToSp,family,1,member
GCal,GeAl,family,1,member
GCal,GiBa,family,1,member
GCal,ToBu,family,1,member
GCal,AnRo,family,1,member
GCal,GiuCa,family,1,member
GCal,GiCi,family,1,member
GCal,AnCi,family,1,member
GCal,ToMa,family,1,member
GCal,VitM,family,1,member
GCal,NiMi,family,1,member
GCal,NuMi,family,1,member
GCal,SaMi,family,1,member
GCal,SaRo,family,1,member
GCal,PiSe,family,1,member
GCal,AnSp,family,1,member
GCal,FrSp,family,1,member
GCal,GiSp,family,1,member
GCal,ViSp,family,1,member
GCal,BePr,ally,1,member
GCal,SaRi,ally,1,member
GCal,AnDC,ally,1,member
GCal,GiSc,ally,1,member
GCal,RoRi,conflict,NA,member
GCal,FrMC,ally,1,member
GCal,MiGr,ally,1,member
GCal,GiGr,ally,1,member
GCal,AnGe,ally,1,member
ToSp,GCal,family,1,member
ToSp,GeAl,family,1,member
ToSp,GiBa,family,1,member
ToSp,ToBu,family,1,member
ToSp,AnRo,family,1,member
ToSp,GiuCa,family,1,member
ToSp,GiCi,family,1,member
ToSp,AnCi,family,1,member
ToSp,ToMa,family,1,member
ToSp,VitM,family,1,member
ToSp,NiMi,family,1,member
ToSp,NuMi,family,1,member
ToSp,SaMi,family,1,member
ToSp,SaRo,family,1,member
ToSp,PiSe,family,1,member
ToSp,AnSp,family,2,member
ToSp,FrSp,family,2,member
ToSp,GiSp,family,2,member
ToSp,ViSp,family,2,member
ToSp,GiLu,ally,3,member
ToSp,AnLu,ally,3,member
GeAl,GCal,family,1,member
GeAl,ToSp,family,1,member
GeAl,GiBa,family,1,member
GeAl,ToBu,family,1,member
GeAl,AnRo,family,1,member
GeAl,GiuCa,family,1,member
GeAl,GiCi,family,1,member
GeAl,AnCi,family,1,member
GeAl,ToMa,family,1,member
GeAl,VitM,family,1,member
GeAl,NiMi,family,1,member
GeAl,NuMi,family,1,member
GeAl,SaMi,family,1,member
GeAl,SaRo,family,1,member
GeAl,PiSe,family,1,member
GeAl,AnSp,family,1,member
GeAl,FrSp,family,1,member
GeAl,GiSp,family,1,member
GeAl,ViSp,family,1,member
GiBa,GCal,family,1,member
GiBa,ToSp,family,1,member
GiBa,GeAl,family,1,member
GiBa,ToBu,family,1,member
GiBa,AnRo,family,1,member
GiBa,GiuCa,family,1,member
GiBa,GiCi,family,1,member
GiBa,AnCi,family,1,member
GiBa,ToMa,family,1,member
GiBa,VitM,family,1,member
GiBa,NiMi,family,1,member
GiBa,NuMi,family,1,member
GiBa,SaMi,family,1,member
GiBa,SaRo,family,1,member
GiBa,PiSe,family,1,member
GiBa,AnSp,family,1,member
GiBa,FrSp,family,1,member
GiBa,GiSp,family,1,member
GiBa,ViSp,family,1,member
ToBu,GCal,conflict,NA,member
ToBu,ToSp,family,1,member
ToBu,GeAl,family,1,member
ToBu,GiBa,family,1,member
ToBu,AnRo,family,1,member
ToBu,GiuCa,family,1,member
ToBu,GiCi,family,1,member
ToBu,AnCi,family,1,member
ToBu,ToMa,family,1,member
ToBu,VitM,family,1,member
ToBu,NiMi,family,1,member
ToBu,NuMi,family,1,member
ToBu,SaMi,family,1,member
ToBu,SaRo,family,1,member
ToBu,PiSe,family,1,member
ToBu,AnSp,family,1,member
ToBu,FrSp,family,1,member
ToBu,GiSp,family,1,member
ToBu,ViSp,family,1,member
ToBu,IgSa,conflict,NA,member
ToBu,SaRi,conflict,NA,member
AnRo,GCal,family,1,member
AnRo,ToSp,family,1,member
AnRo,GeAl,family,1,member
AnRo,GiBa,family,1,member
AnRo,ToBu,family,1,member
AnRo,GiuCa,family,1,member
AnRo,GiCi,family,1,member
AnRo,AnCi,family,1,member
AnRo,ToMa,family,1,member
AnRo,VitM,family,1,member
AnRo,NiMi,family,1,member
AnRo,NuMi,family,1,member
AnRo,SaMi,family,1,member
AnRo,SaRo,family,2,member
AnRo,PiSe,family,1,member
AnRo,AnSp,family,1,member
AnRo,FrSp,family,1,member
AnRo,GiSp,family,1,member
AnRo,ViSp,family,1,member
AnRo,SaRi,ally,2,member
GiuCa,GCal,family,1,member
GiuCa,ToSp,family,1,member
GiuCa,GeAl,family,1,member
GiuCa,GiBa,family,1,member
GiuCa,ToBu,family,1,member
GiuCa,AnRo,family,1,member
GiuCa,GiCi,family,1,member
GiuCa,AnCi,family,1,member
GiuCa,ToMa,family,1,member
GiuCa,VitM,family,1,member
GiuCa,NiMi,family,1,member
GiuCa,NuMi,family,1,member
GiuCa,SaMi,family,1,member
GiuCa,SaRo,family,1,member
GiuCa,PiSe,family,1,member
GiuCa,AnSp,family,1,member
GiuCa,FrSp,family,1,member
GiuCa,GiSp,family,1,member
GiuCa,ViSp,family,1,member
GiCi,GCal,family,1,member
GiCi,ToSp,family,1,member
GiCi,GeAl,family,1,member
GiCi,GiBa,family,1,member
GiCi,ToBu,family,1,member
GiCi,AnRo,family,1,member
GiCi,GiuCa,family,1,member
GiCi,AnCi,family,2,member
GiCi,ToMa,family,1,member
GiCi,VitM,family,1,member
GiCi,NiMi,family,1,member
GiCi,NuMi,family,1,member
GiCi,SaMi,family,1,member
GiCi,SaRo,family,1,member
GiCi,PiSe,family,1,member
GiCi,AnSp,family,1,member
GiCi,FrSp,family,1,member
GiCi,GiSp,family,1,member
GiCi,ViSp,family,1,member
AnCi,GCal,family,1,member
AnCi,ToSp,family,1,member
AnCi,GeAl,family,1,member
AnCi,GiBa,family,1,member
AnCi,ToBu,family,1,member
AnCi,AnRo,family,1,member
AnCi,GiuCa,family,1,member
AnCi,GiCi,family,2,member
AnCi,ToMa,family,1,member
AnCi,VitM,family,1,member
AnCi,NiMi,family,1,member
AnCi,NuMi,family,1,member
AnCi,SaMi,family,1,member
AnCi,SaRo,family,1,member
AnCi,PiSe,family,1,member
AnCi,AnSp,family,1,member
AnCi,FrSp,family,1,member
AnCi,GiSp,family,1,member
AnCi,ViSp,family,1,member
ToMa,GCal,family,1,member
ToMa,ToSp,family,1,member
ToMa,GeAl,family,1,member
ToMa,GiBa,family,1,member
ToMa,ToBu,family,1,member
ToMa,AnRo,family,1,member
ToMa,GiuCa,family,1,member
ToMa,GiCi,family,1,member
ToMa,AnCi,family,1,member
ToMa,VitM,family,2,member
ToMa,NiMi,family,1,member
ToMa,NuMi,family,1,member
ToMa,SaMi,family,1,member
ToMa,SaRo,family,1,member
ToMa,PiSe,family,1,member
ToMa,AnSp,family,1,member
ToMa,FrSp,family,1,member
ToMa,GiSp,family,1,member
ToMa,ViSp,family,1,member
VitM,GCal,family,1,member
VitM,ToSp,family,1,member
VitM,GeAl,family,1,member
VitM,GiBa,family,1,member
VitM,ToBu,family,1,member
VitM,AnRo,family,1,member
VitM,GiuCa,family,1,member
VitM,GiCi,family,1,member
VitM,AnCi,family,1,member
VitM,ToMa,family,2,member
VitM,NiMi,family,1,member
VitM,NuMi,family,1,member
VitM,SaMi,family,1,member
VitM,SaRo,family,1,member
VitM,PiSe,family,1,member
VitM,AnSp,family,1,member
VitM,FrSp,family,1,member
VitM,GiSp,family,1,member
VitM,ViSp,family,1,member
NiMi,GCal,family,1,member
NiMi,ToSp,family,1,member
NiMi,GeAl,family,1,member
NiMi,GiBa,family,1,member
NiMi,ToBu,family,1,member
NiMi,AnRo,family,1,member
NiMi,GiuCa,family,1,member
NiMi,GiCi,family,1,member
NiMi,AnCi,family,1,member
NiMi,ToMa,family,1,member
NiMi,VitM,family,1,member
NiMi,NuMi,family,2,member
NiMi,SaMi,family,2,member
NiMi,SaRo,family,1,member
NiMi,PiSe,family,1,member
NiMi,AnSp,family,1,member
NiMi,FrSp,family,1,member
NiMi,GiSp,family,1,member
NiMi,ViSp,family,1,member
NuMi,GCal,family,1,member
NuMi,ToSp,family,1,member
NuMi,GeAl,family,1,member
NuMi,GiBa,family,1,member
NuMi,ToBu,family,1,member
NuMi,AnRo,family,1,member
NuMi,GiuCa,family,1,member
NuMi,GiCi,family,1,member
NuMi,AnCi,family,1,member
NuMi,ToMa,family,1,member
NuMi,VitM,family,1,member
NuMi,NiMi,family,2,member
NuMi,SaMi,family,2,member
NuMi,SaRo,family,1,member
NuMi,PiSe,family,1,member
NuMi,AnSp,family,1,member
NuMi,FrSp,family,1,member
NuMi,GiSp,family,1,member
NuMi,ViSp,family,1,member
SaMi,GCal,family,1,member
SaMi,ToSp,family,1,member
SaMi,GeAl,family,1,member
SaMi,GiBa,family,1,member
SaMi,ToBu,family,1,member
SaMi,AnRo,family,1,member
SaMi,GiuCa,family,1,member
SaMi,GiCi,family,1,member
SaMi,AnCi,family,1,member
SaMi,ToMa,family,1,member
SaMi,VitM,family,1,member
SaMi,NiMi,family,2,member
SaMi,NuMi,family,2,member
SaMi,SaRo,family,1,member
SaMi,PiSe,family,1,member
SaMi,AnSp,family,1,member
SaMi,FrSp,family,1,member
SaMi,GiSp,family,1,member
SaMi,ViSp,family,1,member
PiSe,GCal,family,1,member
PiSe,ToSp,family,1,member
PiSe,GeAl,family,1,member
PiSe,GiBa,family,1,member
PiSe,ToBu,family,1,member
PiSe,AnRo,family,1,member
PiSe,GiuCa,family,1,member
PiSe,GiCi,family,1,member
PiSe,AnCi,family,1,member
PiSe,ToMa,family,1,member
PiSe,VitM,family,1,member
PiSe,NiMi,family,1,member
PiSe,NuMi,family,1,member
PiSe,SaMi,family,1,member
PiSe,SaRo,family,1,member
PiSe,AnSp,family,1,member
PiSe,FrSp,family,1,member
PiSe,GiSp,family,1,member
PiSe,ViSp,family,1,member
AnSp,GCal,family,1,member
AnSp,ToSp,family,2,member
AnSp,GeAl,family,1,member
AnSp,GiBa,family,1,member
AnSp,ToBu,family,1,member
AnSp,AnRo,family,1,member
AnSp,GiuCa,family,1,member
AnSp,GiCi,family,1,member
AnSp,AnCi,family,1,member
AnSp,ToMa,family,1,member
AnSp,VitM,family,1,member
AnSp,NiMi,family,1,member
AnSp,NuMi,family,1,member
AnSp,SaMi,family,1,member
AnSp,SaRo,family,1,member
AnSp,PiSe,family,1,member
AnSp,FrSp,family,2,member
AnSp,GiSp,family,2,member
AnSp,ViSp,family,2,member
FrSp,GCal,family,1,member
FrSp,ToSp,family,2,member
FrSp,GeAl,family,1,member
FrSp,GiBa,family,1,member
FrSp,ToBu,family,1,member
FrSp,AnRo,family,1,member
FrSp,GiuCa,family,1,member
FrSp,GiCi,family,1,member
FrSp,AnCi,family,1,member
FrSp,ToMa,family,1,member
FrSp,VitM,family,1,member
FrSp,NiMi,family,1,member
FrSp,NuMi,family,1,member
FrSp,SaMi,family,1,member
FrSp,SaRo,family,1,member
FrSp,PiSe,family,1,member
FrSp,AnSp,family,2,member
FrSp,GiSp,family,2,member
FrSp,ViSp,family,2,member
GiSp,GCal,family,1,member
GiSp,ToSp,family,2,member
GiSp,GeAl,family,1,member
GiSp,GiBa,family,1,member
GiSp,ToBu,family,1,member
GiSp,AnRo,family,1,member
GiSp,GiuCa,family,1,member
GiSp,GiCi,family,1,member
GiSp,AnCi,family,1,member
GiSp,ToMa,family,1,member
GiSp,VitM,family,1,member
GiSp,NiMi,family,1,member
GiSp,NuMi,family,1,member
GiSp,SaMi,family,1,member
GiSp,SaRo,family,1,member
GiSp,PiSe,family,1,member
GiSp,AnSp,family,2,member
GiSp,FrSp,family,2,member
GiSp,ViSp,family,2,member
ViSp,GCal,family,1,member
ViSp,ToSp,family,2,member
ViSp,GeAl,family,1,member
ViSp,GiBa,family,1,member
ViSp,ToBu,family,1,member
ViSp,AnRo,family,1,member
ViSp,GiuCa,family,1,member
ViSp,GiCi,family,1,member
ViSp,AnCi,family,1,member
ViSp,ToMa,family,1,member
ViSp,VitM,family,1,member
ViSp,NiMi,family,1,member
ViSp,NuMi,family,1,member
ViSp,SaMi,family,1,member
ViSp,SaRo,family,1,member
ViSp,PiSe,family,1,member
ViSp,AnSp,family,2,member
ViSp,FrSp,family,2,member
ViSp,GiSp,family,2,member
SCp,BeBr,family,1,clan
SCp,GiBr,family,1,clan
BeBr,SCp,family,1,clan
GiBr,SCp,family,1,clan
BeBr,GiBr,family,2,member
BeBr,SaRi,ally,1,member
BeBr,BePr,ally,1,member
BeBr,AnDC,ally,1,member
BeBr,GiSc,ally,1,member
BeBr,RoRi,ally,1,member
BeBr,FrCM,ally,1,member
BeBr,MiGr,ally,1,member
BeBr,GiGr,ally,1,member
GiBr,BeBr,family,2,member
GiBr,BePr,ally,1,member
GiBr,SaRi,ally,1,member
GiBr,IgSa,conflict,NA,member
S,IgSa,family,1,clan
IgSa,S,family,1,clan
IgSa,ToBu,ally,1,member
IgSa,MiGr,ally,1,member
MdV,MaAg,family,1,clan
MaAg,MdV,family,1,clan
MaAg,BeSa,ally,1,member
MaAg,SaRi,ally,1,member
MaAg,BePr,ally,1,member
MaAg,AnDC,ally,1,member
MaAg,GiSc,ally,1,member
MaAg,RoRi,ally,1,member
MaAg,FrCM,ally,1,member
MaAg,MiGr,ally,1,member
MaAg,GiGr,ally,1,member
FrPB,FrFa,family,1,member
FrPB,PiAg,family,1,member
FrPB,SaCo,family,1,member
FrPB,GBPu,family,1,member
FrPB,PiFa,family,1,member
FrPB,GLVe,family,1,member
FrPB,IgMo,family,1,member
FrPB,IgPu,family,1,member
FrPB,FrTe,family,1,member
FrPB,GiTe,family,1,member
FrFa,FrPB,family,1,member
FrFa,PiAg,family,1,member
FrFa,SaCo,family,1,member
FrFa,GBPu,family,1,member
FrFa,PiFa,family,1,member
FrFa,GLVe,family,1,member
FrFa,IgMo,family,1,member
FrFa,IgPu,family,1,member
FrFa,FrTe,family,1,member
FrFa,GiTe,family,1,member
PiAg,FrPB,family,1,member
PiAg,FrFa,family,1,member
PiAg,SaCo,family,1,member
PiAg,GBPu,family,1,member
PiAg,PiFa,family,1,member
PiAg,GLVe,family,1,member
PiAg,IgMo,family,1,member
PiAg,IgPu,family,1,member
PiAg,FrTe,family,1,member
PiAg,GiTe,family,1,member
SaCo,FrPB,family,1,member
SaCo,FrFa,family,1,member
SaCo,PiAg,family,1,member
SaCo,GBPu,family,1,member
SaCo,PiFa,family,1,member
SaCo,GLVe,family,1,member
SaCo,IgMo,family,1,member
SaCo,IgPu,family,1,member
SaCo,FrTe,family,1,member
SaCo,GiTe,family,1,member
GBPu,FrPB,family,1,member
GBPu,FrFa,family,1,member
GBPu,PiAg,family,1,member
GBPu,SaCo,family,1,member
GBPu,PiFa,family,1,member
GBPu,GLVe,family,1,member
GBPu,IgMo,family,1,member
GBPu,IgPu,family,1,member
GBPu,FrTe,family,1,member
GBPu,GiTe,family,1,member
PiFa,FrPB,family,1,member
PiFa,FrFa,family,1,member
PiFa,PiAg,family,1,member
PiFa,SaCo,family,1,member
PiFa,GBPu,family,1,member
PiFa,GLVe,family,1,member
PiFa,IgMo,family,1,member
PiFa,IgPu,family,1,member
PiFa,FrTe,family,1,member
PiFa,GiTe,family,1,member
GLVe,FrPB,family,1,member
GLVe,FrFa,family,1,member
GLVe,PiAg,family,1,member
GLVe,SaCo,family,1,member
GLVe,GBPu,family,1,member
GLVe,PiFa,family,1,member
GLVe,IgMo,family,1,member
GLVe,IgPu,family,1,member
GLVe,FrTe,family,1,member
GLVe,GiTe,family,1,member
IgMo,FrPB,family,1,member
IgMo,FrFa,family,1,member
IgMo,PiAg,family,1,member
IgMo,SaCo,family,1,member
IgMo,GBPu,family,1,member
IgMo,PiFa,family,1,member
IgMo,IgMo,family,1,member
IgMo,IgPu,family,1,member
IgPu,FrPB,family,1,member
IgPu,FrFa,family,1,member
IgPu,PiAg,family,1,member
IgPu,SaCo,family,1,member
IgPu,GBPu,family,2,member
IgPu,PiFa,family,1,member
IgPu,GLVe,family,1,member
IgPu,IgMo,family,1,member
IgPu,IgPu,family,1,member
IgPu,FrTe,family,1,member
IgPu,GiTe,family,1,member
FrTe,FrPB,family,1,member
FrTe,FrFa,family,1,member
FrTe,PiAg,family,1,member
FrTe,SaCo,family,1,member
FrTe,GBPu,family,1,member
FrTe,PiFa,family,1,member
FrTe,GLVe,family,1,member
FrTe,IgMo,family,1,member
FrTe,IgPu,family,1,member
FrTe,GiTe,family,2,member
GiTe,FrPB,family,1,member
GiTe,FrFa,family,1,member
GiTe,PiAg,family,1,member
GiTe,SaCo,family,1,member
GiTe,GBPu,family,1,member
GiTe,PiFa,family,1,member
GiTe,GLVe,family,1,member
GiTe,IgMo,family,1,member
GiTe,IgPu,family,1,member
GiTe,FrTe,family,2,member
FrPB,SM,family,1,clan
FrFa,SM,family,1,clan
PiAg,SM,family,1,clan
SaCo,SM,family,1,clan
GBPu,SM,family,1,clan
PiFa,SM,family,1,clan
GLVe,SM,family,1,clan
IgMo,SM,family,1,clan
IgPu,SM,family,1,clan
FrTe,SM,family,1,clan
GiTe,SM,family,1,clan
SM,FrPB,family,1,clan
SM,FrFa,family,1,clan
SM,PiAg,family,1,clan
SM,SaCo,family,1,clan
SM,GBPu,family,1,clan
SM,PiFa,family,1,clan
SM,GLVe,family,1,clan
SM,IgMo,family,1,clan
SM,IgPu,family,1,clan
SM,FrTe,family,1,clan
SM,GiTe,family,1,clan
IgMo,SaRi,ally,1,member
IgMo,BePr,ally,1,member
IgMo,RoRi,conflict,NA,member
IgMo,FrCM,ally,1,member
IgMo,MiGr,ally,1,member
IgMo,GiGr,ally,1,member
GBPu,StPa,ally,1,member
GBPu,ViPu,ally,1,member
GBPu,GiGb,ally,1,member
GBPu,GiaG,ally,1,member
GBPu,GiLu,ally,1,member
SadB,MaMa,family,1,member
SadB,RMar,family,1,member
SadB,FrAd,family,1,member
SadB,GiAd,family,1,member
SadB,MaAd,family,1,member
SadB,BeCa,family,1,member
SadB,SaAd,family,1,member
SadB,SCon,family,1,member
SadB,GaGr,family,1,member
SadB,GiGb,family,1,member
SadB,GiaG,family,1,member
SadB,SGra,family,1,member
SadB,ViGr,family,1,member
MaMa,SadB,family,1,member
MaMa,RMar,family,2,member
MaMa,FrAd,family,1,member
MaMa,GiAd,family,1,member
MaMa,MaAd,family,1,member
MaMa,BeCa,family,1,member
MaMa,SaAd,family,1,member
MaMa,SCon,family,1,member
MaMa,GaGr,family,1,member
MaMa,GiGb,family,1,member
MaMa,GiaG,family,1,member
MaMa,SGra,family,1,member
MaMa,ViGr,family,1,member
RMar,SadB,family,1,member
RMar,MaMa,family,2,member
RMar,FrAd,family,1,member
RMar,GiAd,family,1,member
RMar,MaAd,family,1,member
RMar,BeCa,family,1,member
RMar,SaAd,family,1,member
RMar,SCon,family,1,member
RMar,GaGr,family,1,member
RMar,GiGb,family,1,member
RMar,GiaG,family,1,member
RMar,SGra,family,1,member
RMar,ViGr,family,1,member
FrAd,SadB,family,1,member
FrAd,MaMa,family,1,member
FrAd,RMar,family,1,member
FrAd,GiAd,family,2,member
FrAd,MaAd,family,2,member
FrAd,BeCa,family,1,member
FrAd,SaAd,family,2,member
FrAd,SCon,family,1,member
FrAd,GaGr,family,1,member
FrAd,GiGb,family,1,member
FrAd,GiaG,family,1,member
FrAd,SGra,family,1,member
FrAd,ViGr,family,1,member
GiAd,SadB,family,1,member
GiAd,MaMa,family,1,member
GiAd,RMar,family,1,member
GiAd,FrAd,family,2,member
GiAd,MaAd,family,2,member
GiAd,BeCa,family,1,member
GiAd,SaAd,family,1,member
GiAd,SCon,family,1,member
GiAd,GaGr,family,1,member
GiAd,GiGb,family,1,member
GiAd,GiaG,family,1,member
GiAd,SGra,family,1,member
GiAd,ViGr,family,1,member
MaAd,SadB,family,1,member
MaAd,MaMa,family,1,member
MaAd,RMar,family,1,member
MaAd,FrAd,family,2,member
MaAd,GiAd,family,2,member
MaAd,BeCa,family,1,member
MaAd,SaAd,family,2,member
MaAd,SCon,family,1,member
MaAd,GaGr,family,1,member
MaAd,GiGb,family,1,member
MaAd,GiaG,family,1,member
MaAd,SGra,family,1,member
MaAd,ViGr,family,1,member
BeCa,SadB,family,1,member
BeCa,MaMa,family,1,member
BeCa,RMar,family,1,member
BeCa,FrAd,family,1,member
BeCa,GiAd,family,1,member
BeCa,MaAd,family,1,member
BeCa,SaAd,family,1,member
BeCa,SCon,family,1,member
BeCa,GaGr,family,1,member
BeCa,GiGb,family,1,member
BeCa,GiaG,family,1,member
BeCa,SGra,family,1,member
BeCa,ViGr,family,1,member
SaAd,SadB,family,1,member
SaAd,MaMa,family,1,member
SaAd,RMar,family,1,member
SaAd,FrAd,family,2,member
SaAd,GiAd,family,2,member
SaAd,MaAd,family,2,member
SaAd,BeCa,family,1,member
SaAd,SCon,family,1,member
SaAd,GaGr,family,1,member
SaAd,GiGb,family,1,member
SaAd,GiaG,family,1,member
SaAd,SGra,family,1,member
SaAd,ViGr,family,1,member
SCon,SadB,family,1,member
SCon,MaMa,family,1,member
SCon,RMar,family,1,member
SCon,FrAd,family,1,member
SCon,GiAd,family,1,member
SCon,MaAd,family,1,member
SCon,BeCa,family,1,member
SCon,SaAd,family,1,member
SCon,GaGr,family,1,member
SCon,GiGb,family,1,member
SCon,GiaG,family,1,member
SCon,SGra,family,1,member
SCon,ViGr,family,1,member
GaGr,SadB,family,1,member
GaGr,MaMa,family,1,member
GaGr,RMar,family,1,member
GaGr,FrAd,family,1,member
GaGr,GiAd,family,1,member
GaGr,MaAd,family,1,member
GaGr,BeCa,family,1,member
GaGr,SaAd,family,1,member
GaGr,SCon,family,1,member
GaGr,GiGb,family,1,member
GaGr,GiaG,family,2,member
GaGr,SGra,family,2,member
GaGr,ViGr,family,2,member
GiGb,SadB,family,1,member
GiGb,MaMa,family,1,member
GiGb,RMar,family,1,member
GiGb,FrAd,family,1,member
GiGb,GiAd,family,1,member
GiGb,MaAd,family,1,member
GiGb,BeCa,family,1,member
GiGb,SaAd,family,1,member
GiGb,SCon,family,1,member
GiGb,GaGr,family,1,member
GiGb,GiaG,family,1,member
GiGb,SGra,family,1,member
GiGb,ViGr,family,1,member
GiaG,SadB,family,1,member
GiaG,MaMa,family,1,member
GiaG,RMar,family,1,member
GiaG,FrAd,family,1,member
GiaG,GiAd,family,1,member
GiaG,MaAd,family,1,member
GiaG,BeCa,family,1,member
GiaG,SaAd,family,1,member
GiaG,SCon,family,1,member
GiaG,GaGr,family,2,member
GiaG,GiGb,family,1,member
GiaG,SGra,family,2,member
GiaG,ViGr,family,2,member
SGra,SadB,family,1,member
SGra,MaMa,family,1,member
SGra,RMar,family,1,member
SGra,FrAd,family,1,member
SGra,GiAd,family,1,member
SGra,MaAd,family,1,member
SGra,BeCa,family,1,member
SGra,SaAd,family,1,member
SGra,SCon,family,1,member
SGra,GaGr,family,2,member
SGra,GiGb,family,1,member
SGra,GiaG,family,2,member
SGra,ViGr,family,2,member
ViGr,SadB,family,1,member
ViGr,MaMa,family,1,member
ViGr,RMar,family,1,member
ViGr,FrAd,family,1,member
ViGr,GiAd,family,1,member
ViGr,MaAd,family,1,member
ViGr,BeCa,family,1,member
ViGr,SaAd,family,1,member
ViGr,SCon,family,1,member
ViGr,GaGr,family,2,member
ViGr,GiGb,family,1,member
ViGr,GiaG,family,2,member
ViGr,SGra,family,2,member
SadB,V,family,1,clan
MaMa,V,family,1,clan
RMar,V,family,1,clan
FrAd,V,family,1,clan
GiAd,V,family,1,clan
MaAd,V,family,1,clan
BeCa,V,family,1,clan
SaAd,V,family,1,clan
SCon,V,family,1,clan
GaGr,V,family,1,clan
GiGb,V,family,1,clan
GiaG,V,family,1,clan
SGra,V,family,1,clan
ViGr,V,family,1,clan
V,SadB,family,1,clan
V,MaMa,family,1,clan
V,RMar,family,1,clan
V,FrAd,family,1,clan
V,GiAd,family,1,clan
V,MaAd,family,1,clan
V,BeCa,family,1,clan
V,SaAd,family,1,clan
V,SCon,family,1,clan
V,GaGr,family,1,clan
V,GiGb,family,1,clan
V,GiaG,family,1,clan
V,SGra,family,1,clan
V,ViGr,family,1,clan
FrcB,SaIn,family,1,member
FrcB,RoSa,family,1,member
SaIn,FrcB,family,1,member
SaIn,RoSa,family,1,member
RoSa,FrcB,family,1,member
RoSa,SaIn,family,1,member
FrcB,U,family,1,clan
Saln,U,family,1,clan
RoSa,U,family,1,clan
U,FrcB,family,1,clan
U,Saln,family,1,clan
U,RoSa,family,1,clan
GiCl,AnFi,family,1,member
GaFi,AnFi,family,2,member
GaFi,CaFi,family,2,member
GaFi,GiFi,family,2,member
GaFi,StFi,family,2,member
AnFi,GaFi,family,2,member
AnFi,CaFi,family,2,member
AnFi,GiFi,family,2,member
AnFi,StFi,family,2,member
CaFi,GaFi,family,2,member
CaFi,AnFi,family,2,member
CaFi,GiFi,family,2,member
CaFi,StFi,family,2,member
GiFi,GaFi,family,2,member
GiFi,AnFi,family,2,member
GiFi,CaFi,family,2,member
GiFi,StFi,family,2,member
StFi,GaFi,family,2,member
StFi,AnFi,family,2,member
StFi,CaFi,family,2,member
StFi,GiFi,family,2,member
GaFi,M,family,1,clan
AnFi,M,family,1,clan
CaFi,M,family,1,clan
GiFi,M,family,1,clan
StFi,M,family,1,clan
M,GaFi,family,1,clan
M,AnFi,family,1,clan
M,CaFi,family,1,clan
M,GiFi,family,1,clan
M,StFi,family,1,clan
CeMa,GaBa,family,1,member
CeMa,ViBa,family,1,member
CeMa,FrBr,family,1,member
CeMa,DiTr,family,1,member
GaBa,CeMa,family,1,member
GaBa,ViBa,family,2,member
GaBa,FrBr,family,1,member
GaBa,DiTr,family,1,member
ViBa,CeMa,family,1,member
ViBa,GaBa,family,2,member
ViBa,FrBr,family,1,member
ViBa,DiTr,family,1,member
FrBr,CeMa,family,1,member
FrBr,GaBa,family,1,member
FrBr,ViBa,family,1,member
FrBr,DiTr,family,1,member
DiTr,CeMa,family,1,member
DiTr,GaBa,family,1,member
DiTr,ViBa,family,1,member
DiTr,FrBr,family,1,member
CeMa,CI,family,1,clan
GaBa,CI,family,1,clan
ViBa,CI,family,1,clan
FrBr,CI,family,1,clan
DiTr,CI,family,1,clan
CI,CeMa,family,1,clan
CI,GaBa,family,1,clan
CI,ViBa,family,1,clan
CI,FrBr,family,1,clan
CI,DiTr,family,1,clan
Vivi,Givi,family,2,member
Vivi,AnGe,family,1,member
Vivi,GiLa,family,1,member
Vivi,SaLa,family,1,member
Givi,Vivi,family,2,member
Givi,AnGe,family,1,member
Givi,GiLa,family,1,member
Givi,SaLa,family,1,member
AnGe,Vivi,family,1,member
AnGe,Givi,family,1,member
AnGe,GiLa,family,1,member
AnGe,SaLa,family,1,member
GiLa,Vivi,family,1,member
GiLa,Givi,family,1,member
GiLa,AnGe,family,1,member
GiLa,SaLa,family,2,member
SaLa,Vivi,family,1,member
SaLa,Givi,family,1,member
SaLa,AnGe,family,1,member
SaLa,GiLa,family,2,member
Vivi,PA,family,1,clan
Givi,PA,family,1,clan
AnGe,PA,family,1,clan
GiLa,PA,family,1,clan
SaLa,PA,family,1,clan
AnGe,SaRi,ally,1,member
AnGe,BePr,ally,1,member
AnGe,AnDC,ally,1,member
AnGe,GiSc,ally,1,member
AnGe,RoRi,ally,1,member
AnGe,FrCM,ally,1,member
AnGe,GCal,ally,1,member
AnGe,GiGr,ally,1,member
AnGe,MiGr,ally,1,member
Pici,GiBo,family,1,member
Pici,AlBo,family,1,member
Pici,GaFi,family,1,member
Pici,BiMa,family,1,member
Pici,MaMi,family,1,member
GiBo,Pici,family,1,member
GiBo,AlBo,family,2,member
GiBo,GaFi,family,1,member
GiBo,BiMa,family,1,member
GiBo,MaMi,family,1,member
AlBo,Pici,family,1,member
AlBo,GiBo,family,2,member
AlBo,GaFi,family,1,member
AlBo,BiMa,family,1,member
AlBo,MaMi,family,1,member
GaFi,Pici,family,1,member
GaFi,GiBo,family,1,member
GaFi,AlBo,family,1,member
GaFi,BiMa,family,1,member
GaFi,MaMi,family,1,member
BiMa,Pici,family,1,member
BiMa,GiBo,family,1,member
BiMa,AlBo,family,1,member
BiMa,GaFi,family,1,member
BiMa,MaMi,family,2,member
MaMi,Pici,family,1,member
MaMi,GiBo,family,1,member
MaMi,AlBo,family,1,member
MaMi,GaFi,family,1,member
MaMi,BiMa,family,2,member
Pici,BO,family,1,clan
GiBo,BO,family,1,clan
AlBo,BO,family,1,clan
GaFi,BO,family,1,clan
BiMa,BO,family,1,clan
MaMi,BO,family,1,clan
BO,Pici,family,1,clan
BO,GiBo,family,1,clan
BO,AlBo,family,1,clan
BO,GaFi,family,1,clan
BO,BiMa,family,1,clan
BO,MaMi,family,1,clan