from,to,relation,weight
T,GiRa,family,1
GiRa,T,family,1
VB,GiMo,family,1
VB,SaMo,family,1
GiMo,VB,family,1
SaMo,VB,family,1
GiMo,SaMo,family,2
SaMo,GiMo,family,2
VC,AnPi,family,1
VC,GiPi,family,1
VC,ViPi,family,1
AnPi,VC,family,1
GiPi,VC,family,1
ViPi,VC,family,1
AnPi,GiPi,family,2
AnPi,ViPi,family,2
GiPi,AnPi,family,2
GiPi,ViPi,family,2
ViPi,AnPi,family,2
ViPi,GiPi,family,2
N,RaSp,family,1
N,GiuS,family,1
N,ARot,family,1
RaSp,N,family,1
GiuS,N,family,1
ARot,N,family,1
RaSp,GiuS,family,2
RaSp,ARot,family,1
GiuS,RaSp,family,2
GiuS,ARot,family,1
ARot,RaSp,family,1
ARot,GiuS,family,1
PC,ViSo,family,1
PC,GiCo,family,1
PC,GiDi,family,1
PC,SeMi,family,1
ViSo,PC,family,1
GiCo,PC,family,1
GiDi,PC,family,1
SeMi,PC,family,1
ViSo,GiCo,family,1
ViSo,GiDi,family,1
ViSo,SeMi,family,1
GiCo,ViSo,family,1
GiCo,GiDi,family,1
GiCo,SeMi,family,1
GiDi,ViSo,family,1
GiDi,GiCo,family,1
GiDi,SeMi,family,1
SeMi,ViSo,family,1
SeMi,GiCo,family,1
SeMi,GiDi,family,1
FS,BeSa,family,1
FS,FrCa,family,1
FS,DoCo,family,1
FS,SaCr,family,1
FS,SaEr,family,1
FS,AnFe,family,1
FS,FrFe,family,1
FS,GiFe,family,1
BeSa,FS,family,1
FrCa,FS,family,1
DoCo,FS,family,1
SaCr,FS,family,1
SaEr,FS,family,1
AnFe,FS,family,1
FrFe,FS,family,1
GiFe,FS,family,1
BeSa,FrCa,family,1
BeSa,DoCo,family,1
BeSa,SaCr,family,1
BeSa,SaEr,family,1
BeSa,AnFe,family,1
BeSa,FrFe,family,1
BeSa,GiFe,family,1
FrCa,BeSa,family,1
FrCa,DoCo,family,1
FrCa,SaCr,family,1
FrCa,SaEr,family,1
FrCa,AnFe,family,1
FrCa,FrFe,family,1
FrCa,GiFe,family,1
DoCo,BeSa,family,1
DoCo,FrCa,family,1
DoCo,SaCr,family,1
DoCo,SaEr,family,1
DoCo,AnFe,family,1
DoCo,FrFe,family,1
DoCo,GiFe,family,1
SaCr,BeSa,family,1
SaCr,FrCa,family,1
SaCr,DoCo,family,1
SaCr,SaEr,family,1
SaCr,AnFe,family,1
SaCr,FrFe,family,1
SaCr,GiFe,family,1
SaEr,BeSa,family,1
SaEr,FrCa,family,1
SaEr,DoCo,family,1
SaEr,SaCr,family,1
SaEr,AnFe,family,1
SaEr,FrFe,family,1
SaEr,GiFe,family,1
AnFe,BeSa,family,1
AnFe,FrCa,family,1
AnFe,DoCo,family,1
AnFe,SaCr,family,1
AnFe,SaEr,family,1
AnFe,FrFe,family,2
AnFe,GiFe,family,2
FrFe,BeSa,family,1
FrFe,FrCa,family,1
FrFe,DoCo,family,1
FrFe,SaCr,family,1
FrFe,SaEr,family,1
FrFe,AnFe,family,2
FrFe,GiFe,family,2
GiFe,BeSa,family,1
GiFe,FrCa,family,1
GiFe,DoCo,family,1
GiFe,SaCr,family,1
GiFe,SaEr,family,1
GiFe,AnFe,family,2
GiFe,FrFe,family,2
BeSa,SaRi,ally,2
BeSa,MaAg,ally,1
BeSa,GMad,ally,1
AnFe,SaRi,ally,1
AnFe,MaAg,ally,1
AnFe,GMad,ally,1
CM,FiMa,family,1
CM,BeTi,family,1
CM,PiVe,family,1
CM,CaZa,family,1
CM,AnMa,family,1
CM,GiMa,family,1
CM,ViMa,family,1
CM,GaTi,family,1
CM,GiTi,family,1
CM,LoTi,family,1
CM,AnVe,family,1
CM,CoVe,family,1
CM,GiVe,family,1
CM,RuVe,family,1
CM,GiZa,family,1
CM,OnZa,family,1
CM,GiAb,family,1
CM,MaAb,family,1
CM,PaAl,family,1
CM,PiAl,family,1
CM,FiAr,family,1
CM,GaAr,family,1
CM,FrBu,family,1
CM,ViBu,family,1
CM,SaBu,family,1
CM,SaCh,family,1
CM,DoFe,family,1
CM,GiIn,family,1
CM,GaLo,family,1
CM,GiLo,family,1
CM,GiOl,family,1
CM,AnSi,family,1
CM,FrPa,family,1
CM,ViSi,family,1
CM,VSdA,family,1
CM,PiTa,family,1
FiMa,CM,family,1
BeTi,CM,family,1
PiVe,CM,family,1
CaZa,CM,family,1
AnMa,CM,family,1
GiMa,CM,family,1
ViMa,CM,family,1
GaTi,CM,family,1
GiTi,CM,family,1
LoTi,CM,family,1
AnVe,CM,family,1
CoVe,CM,family,1
GiVe,CM,family,1
RuVe,CM,family,1
GiZa,CM,family,1
OnZa,CM,family,1
GiAb,CM,family,1
MaAb,CM,family,1
PaAl,CM,family,1
PiAl,CM,family,1
FiAr,CM,family,1
GaAr,CM,family,1
FrBu,CM,family,1
ViBu,CM,family,1
SaBu,CM,family,1
SaCh,CM,family,1
DoFe,CM,family,1
GiIn,CM,family,1
GaLo,CM,family,1
GiLo,CM,family,1
GiOl,CM,family,1
AnSi,CM,family,1
FrPa,CM,family,1
ViSi,CM,family,1
VSdA,CM,family,1
PiTa,CM,family,1
FiMa,BeTi,family,1
FiMa,PiVe,family,1
FiMa,CaZa,family,1
FiMa,AnMa,family,2
FiMa,GiMa,family,2
FiMa,ViMa,family,2
FiMa,GaTi,family,1
FiMa,GiTi,family,1
FiMa,LoTi,family,1
FiMa,AnVe,family,1
FiMa,CoVe,family,1
FiMa,GiVe,family,1
FiMa,RuVe,family,1
FiMa,GiZa,family,1
FiMa,OnZa,family,1
FiMa,GiAb,family,1
FiMa,MaAb,family,1
FiMa,PaAl,family,1
FiMa,PiAl,family,1
FiMa,FiAr,family,1
FiMa,GaAr,family,1
FiMa,FrBu,family,1
FiMa,ViBu,family,1
FiMa,SaBu,family,1
FiMa,SaCh,family,1
FiMa,DoFe,family,1
FiMa,GiIn,family,1
FiMa,GaLo,family,1
FiMa,GiLo,family,1
FiMa,GiOl,family,1
FiMa,AnSi,family,1
FiMa,FrPa,family,1
FiMa,ViSi,family,1
FiMa,VSdA,family,1
FiMa,PiTa,family,1
BeTi,FiMa,family,1
BeTi,PiVe,family,1
BeTi,CaZa,family,1
BeTi,AnMa,family,1
BeTi,GiMa,family,1
BeTi,ViMa,family,1
BeTi,GaTi,family,2
BeTi,GiTi,family,2
BeTi,LoTi,family,2
BeTi,AnVe,family,1
BeTi,CoVe,family,1
BeTi,GiVe,family,1
BeTi,RuVe,family,1
BeTi,GiZa,family,1
BeTi,OnZa,family,1
BeTi,GiAb,family,1
BeTi,MaAb,family,1
BeTi,PaAl,family,1
BeTi,PiAl,family,1
BeTi,FiAr,family,1
BeTi,GaAr,family,1
BeTi,FrBu,family,1
BeTi,ViBu,family,1
BeTi,SaBu,family,1
BeTi,SaCh,family,1
BeTi,DoFe,family,1
BeTi,GiIn,family,1
BeTi,GaLo,family,1
BeTi,GiLo,family,1
BeTi,GiOl,family,1
BeTi,AnSi,family,1
BeTi,FrPa,family,1
BeTi,ViSi,family,1
BeTi,VSdA,family,1
BeTi,PiTa,family,1
PiVe,FiMa,family,1
PiVe,BeTi,family,1
PiVe,CaZa,family,1
PiVe,AnMa,family,1
PiVe,GiMa,family,1
PiVe,ViMa,family,1
PiVe,GaTi,family,1
PiVe,GiTi,family,1
PiVe,LoTi,family,1
PiVe,AnVe,family,2
PiVe,CoVe,family,2
PiVe,GiVe,family,2
PiVe,RuVe,family,2
PiVe,GiZa,family,1
PiVe,OnZa,family,1
PiVe,GiAb,family,1
PiVe,MaAb,family,1
PiVe,PaAl,family,1
PiVe,PiAl,family,1
PiVe,FiAr,family,1
PiVe,GaAr,family,1
PiVe,FrBu,family,1
PiVe,ViBu,family,1
PiVe,SaBu,family,1
PiVe,SaCh,family,1
PiVe,DoFe,family,1
PiVe,GiIn,family,1
PiVe,GaLo,family,1
PiVe,GiLo,family,1
PiVe,GiOl,family,1
PiVe,AnSi,family,1
PiVe,FrPa,family,1
PiVe,ViSi,family,1
PiVe,VSdA,family,1
PiVe,PiTa,family,1
CaZa,FiMa,family,1
CaZa,BeTi,family,1
CaZa,PiVe,family,1
CaZa,AnMa,family,1
CaZa,GiMa,family,1
CaZa,ViMa,family,1
CaZa,GaTi,family,1
CaZa,GiTi,family,1
CaZa,LoTi,family,1
CaZa,AnVe,family,1
CaZa,CoVe,family,1
CaZa,GiVe,family,1
CaZa,RuVe,family,1
CaZa,GiZa,family,2
CaZa,OnZa,family,2
CaZa,GiAb,family,1
CaZa,MaAb,family,1
CaZa,PaAl,family,1
CaZa,PiAl,family,1
CaZa,FiAr,family,1
CaZa,GaAr,family,1
CaZa,FrBu,family,1
CaZa,ViBu,family,1
CaZa,SaBu,family,1
CaZa,SaCh,family,1
CaZa,DoFe,family,1
CaZa,GiIn,family,1
CaZa,GaLo,family,1
CaZa,GiLo,family,1
CaZa,GiOl,family,1
CaZa,AnSi,family,1
CaZa,FrPa,family,1
CaZa,ViSi,family,1
CaZa,VSdA,family,1
CaZa,PiTa,family,1
AnMa,FiMa,family,2
AnMa,BeTi,family,1
AnMa,PiVe,family,1
AnMa,CaZa,family,1
AnMa,GiMa,family,2
AnMa,ViMa,family,2
AnMa,GaTi,family,1
AnMa,GiTi,family,1
AnMa,LoTi,family,1
AnMa,AnVe,family,1
AnMa,CoVe,family,1
AnMa,GiVe,family,1
AnMa,RuVe,family,1
AnMa,GiZa,family,1
AnMa,OnZa,family,1
AnMa,GiAb,family,1
AnMa,MaAb,family,1
AnMa,PaAl,family,1
AnMa,PiAl,family,1
AnMa,FiAr,family,1
AnMa,GaAr,family,1
AnMa,FrBu,family,1
AnMa,ViBu,family,1
AnMa,SaBu,family,1
AnMa,SaCh,family,1
AnMa,DoFe,family,1
AnMa,GiIn,family,1
AnMa,GaLo,family,1
AnMa,GiLo,family,1
AnMa,GiOl,family,1
AnMa,AnSi,family,1
AnMa,FrPa,family,1
AnMa,ViSi,family,1
AnMa,VSdA,family,1
AnMa,PiTa,family,1
GiMa,FiMa,family,2
GiMa,BeTi,family,1
GiMa,PiVe,family,1
GiMa,CaZa,family,1
GiMa,AnMa,family,2
GiMa,ViMa,family,2
GiMa,GaTi,family,1
GiMa,GiTi,family,1
GiMa,LoTi,family,1
GiMa,AnVe,family,1
GiMa,CoVe,family,1
GiMa,GiVe,family,1
GiMa,RuVe,family,1
GiMa,GiZa,family,1
GiMa,OnZa,family,1
GiMa,GiAb,family,1
GiMa,MaAb,family,1
GiMa,PaAl,family,1
GiMa,PiAl,family,1
GiMa,FiAr,family,1
GiMa,GaAr,family,1
GiMa,FrBu,family,1
GiMa,ViBu,family,1
GiMa,SaBu,family,1
GiMa,SaCh,family,1
GiMa,DoFe,family,1
GiMa,GiIn,family,1
GiMa,GaLo,family,1
GiMa,GiLo,family,1
GiMa,GiOl,family,1
GiMa,AnSi,family,1
GiMa,FrPa,family,1
GiMa,ViSi,family,1
GiMa,VSdA,family,1
GiMa,PiTa,family,1
ViMa,FiMa,family,2
ViMa,BeTi,family,1
ViMa,PiVe,family,1
ViMa,CaZa,family,1
ViMa,AnMa,family,2
ViMa,GiMa,family,2
ViMa,GaTi,family,1
ViMa,GiTi,family,1
ViMa,LoTi,family,1
ViMa,AnVe,family,1
ViMa,CoVe,family,1
ViMa,GiVe,family,1
ViMa,RuVe,family,1
ViMa,GiZa,family,1
ViMa,OnZa,family,1
ViMa,GiAb,family,1
ViMa,MaAb,family,1
ViMa,PaAl,family,1
ViMa,PiAl,family,1
ViMa,FiAr,family,1
ViMa,GaAr,family,1
ViMa,FrBu,family,1
ViMa,ViBu,family,1
ViMa,SaBu,family,1
ViMa,SaCh,family,1
ViMa,DoFe,family,1
ViMa,GiIn,family,1
ViMa,GaLo,family,1
ViMa,GiLo,family,1
ViMa,GiOl,family,1
ViMa,AnSi,family,1
ViMa,FrPa,family,1
ViMa,ViSi,family,1
ViMa,VSdA,family,1
ViMa,PiTa,family,1
GaTi,FiMa,family,1
GaTi,BeTi,family,2
GaTi,PiVe,family,1
GaTi,CaZa,family,1
GaTi,AnMa,family,1
GaTi,GiMa,family,1
GaTi,ViMa,family,1
GaTi,GiTi,family,2
GaTi,LoTi,family,2
GaTi,AnVe,family,1
GaTi,CoVe,family,1
GaTi,GiVe,family,1
GaTi,RuVe,family,1
GaTi,GiZa,family,1
GaTi,OnZa,family,1
GaTi,GiAb,family,1
GaTi,MaAb,family,1
GaTi,PaAl,family,1
GaTi,PiAl,family,1
GaTi,FiAr,family,1
GaTi,GaAr,family,1
GaTi,FrBu,family,1
GaTi,ViBu,family,1
GaTi,SaBu,family,1
GaTi,SaCh,family,1
GaTi,DoFe,family,1
GaTi,GiIn,family,1
GaTi,GaLo,family,1
GaTi,GiLo,family,1
GaTi,GiOl,family,1
GaTi,AnSi,family,1
GaTi,FrPa,family,1
GaTi,ViSi,family,1
GaTi,VSdA,family,1
GaTi,PiTa,family,1
GiTi,FiMa,family,1
GiTi,BeTi,family,2
GiTi,PiVe,family,1
GiTi,CaZa,family,1
GiTi,AnMa,family,1
GiTi,GiMa,family,1
GiTi,ViMa,family,1
GiTi,GaTi,family,2
GiTi,LoTi,family,2
GiTi,AnVe,family,1
GiTi,CoVe,family,1
GiTi,GiVe,family,1
GiTi,RuVe,family,1
GiTi,GiZa,family,1
GiTi,OnZa,family,1
GiTi,GiAb,family,1
GiTi,MaAb,family,1
GiTi,PaAl,family,1
GiTi,PiAl,family,1
GiTi,FiAr,family,1
GiTi,GaAr,family,1
GiTi,FrBu,family,1
GiTi,ViBu,family,1
GiTi,SaBu,family,1
GiTi,SaCh,family,1
GiTi,DoFe,family,1
GiTi,GiIn,family,1
GiTi,GaLo,family,1
GiTi,GiLo,family,1
GiTi,GiOl,family,1
GiTi,AnSi,family,1
GiTi,FrPa,family,1
GiTi,ViSi,family,1
GiTi,VSdA,family,1
GiTi,PiTa,family,1
LoTi,FiMa,family,1
LoTi,BeTi,family,2
LoTi,PiVe,family,1
LoTi,CaZa,family,1
LoTi,AnMa,family,1
LoTi,GiMa,family,1
LoTi,ViMa,family,1
LoTi,GaTi,family,2
LoTi,GiTi,family,2
LoTi,AnVe,family,1
LoTi,CoVe,family,1
LoTi,GiVe,family,1
LoTi,RuVe,family,1
LoTi,GiZa,family,1
LoTi,OnZa,family,1
LoTi,GiAb,family,1
LoTi,MaAb,family,1
LoTi,PaAl,family,1
LoTi,PiAl,family,1
LoTi,FiAr,family,1
LoTi,GaAr,family,1
LoTi,FrBu,family,1
LoTi,ViBu,family,1
LoTi,SaBu,family,1
LoTi,SaCh,family,1
LoTi,DoFe,family,1
LoTi,GiIn,family,1
LoTi,GaLo,family,1
LoTi,GiLo,family,1
LoTi,GiOl,family,1
LoTi,AnSi,family,1
LoTi,FrPa,family,1
LoTi,ViSi,family,1
LoTi,VSdA,family,1
LoTi,PiTa,family,1
AnVe,FiMa,family,1
AnVe,BeTi,family,1
AnVe,PiVe,family,2
AnVe,CaZa,family,1
AnVe,AnMa,family,1
AnVe,GiMa,family,1
AnVe,ViMa,family,1
AnVe,GaTi,family,1
AnVe,GiTi,family,1
AnVe,LoTi,family,1
AnVe,CoVe,family,2
AnVe,GiVe,family,2
AnVe,RuVe,family,2
AnVe,GiZa,family,1
AnVe,OnZa,family,1
AnVe,GiAb,family,1
AnVe,MaAb,family,1
AnVe,PaAl,family,1
AnVe,PiAl,family,1
AnVe,FiAr,family,1
AnVe,GaAr,family,1
AnVe,FrBu,family,1
AnVe,ViBu,family,1
AnVe,SaBu,family,1
AnVe,SaCh,family,1
AnVe,DoFe,family,1
AnVe,GiIn,family,1
AnVe,GaLo,family,1
AnVe,GiLo,family,1
AnVe,GiOl,family,1
AnVe,AnSi,family,1
AnVe,FrPa,family,1
AnVe,ViSi,family,1
AnVe,VSdA,family,1
AnVe,PiTa,family,1
CoVe,FiMa,family,1
CoVe,BeTi,family,1
CoVe,PiVe,family,2
CoVe,CaZa,family,1
CoVe,AnMa,family,1
CoVe,GiMa,family,1
CoVe,ViMa,family,1
CoVe,GaTi,family,1
CoVe,GiTi,family,1
CoVe,LoTi,family,1
CoVe,AnVe,family,2
CoVe,GiVe,family,2
CoVe,RuVe,family,2
CoVe,GiZa,family,1
CoVe,OnZa,family,1
CoVe,GiAb,family,1
CoVe,MaAb,family,1
CoVe,PaAl,family,1
CoVe,PiAl,family,1
CoVe,FiAr,family,1
CoVe,GaAr,family,1
CoVe,FrBu,family,1
CoVe,ViBu,family,1
CoVe,SaBu,family,1
CoVe,SaCh,family,1
CoVe,DoFe,family,1
CoVe,GiIn,family,1
CoVe,GaLo,family,1
CoVe,GiLo,family,1
CoVe,GiOl,family,1
CoVe,AnSi,family,1
CoVe,FrPa,family,1
CoVe,ViSi,family,1
CoVe,VSdA,family,1
CoVe,PiTa,family,1
GiVe,FiMa,family,1
GiVe,BeTi,family,1
GiVe,PiVe,family,2
GiVe,CaZa,family,1
GiVe,AnMa,family,1
GiVe,GiMa,family,1
GiVe,ViMa,family,1
GiVe,GaTi,family,1
GiVe,GiTi,family,1
GiVe,LoTi,family,1
GiVe,AnVe,family,2
GiVe,CoVe,family,2
GiVe,RuVe,family,2
GiVe,GiZa,family,1
GiVe,OnZa,family,1
GiVe,GiAb,family,1
GiVe,MaAb,family,1
GiVe,PaAl,family,1
GiVe,PiAl,family,1
GiVe,FiAr,family,1
GiVe,GaAr,family,1
GiVe,FrBu,family,1
GiVe,ViBu,family,1
GiVe,SaBu,family,1
GiVe,SaCh,family,1
GiVe,DoFe,family,1
GiVe,GiIn,family,1
GiVe,GaLo,family,1
GiVe,GiLo,family,1
GiVe,GiOl,family,1
GiVe,AnSi,family,1
GiVe,FrPa,family,1
GiVe,ViSi,family,1
GiVe,VSdA,family,1
GiVe,PiTa,family,1
RuVe,FiMa,family,1
RuVe,BeTi,family,1
RuVe,PiVe,family,2
RuVe,CaZa,family,1
RuVe,AnMa,family,1
RuVe,GiMa,family,1
RuVe,ViMa,family,1
RuVe,GaTi,family,1
RuVe,GiTi,family,1
RuVe,LoTi,family,1
RuVe,AnVe,family,2
RuVe,CoVe,family,2
RuVe,GiVe,family,2
RuVe,GiZa,family,1
RuVe,OnZa,family,1
RuVe,GiAb,family,1
RuVe,MaAb,family,1
RuVe,PaAl,family,1
RuVe,PiAl,family,1
RuVe,FiAr,family,1
RuVe,GaAr,family,1
RuVe,FrBu,family,1
RuVe,ViBu,family,1
RuVe,SaBu,family,1
RuVe,SaCh,family,1
RuVe,DoFe,family,1
RuVe,GiIn,family,1
RuVe,GaLo,family,1
RuVe,GiLo,family,1
RuVe,GiOl,family,1
RuVe,AnSi,family,1
RuVe,FrPa,family,1
RuVe,ViSi,family,1
RuVe,VSdA,family,1
RuVe,PiTa,family,1
GiZa,FiMa,family,1
GiZa,BeTi,family,1
GiZa,PiVe,family,1
GiZa,CaZa,family,2
GiZa,AnMa,family,1
GiZa,GiMa,family,1
GiZa,ViMa,family,1
GiZa,GaTi,family,1
GiZa,GiTi,family,1
GiZa,LoTi,family,1
GiZa,AnVe,family,1
GiZa,CoVe,family,1
GiZa,GiVe,family,1
GiZa,RuVe,family,1
GiZa,OnZa,family,2
GiZa,GiAb,family,1
GiZa,MaAb,family,1
GiZa,PaAl,family,1
GiZa,PiAl,family,1
GiZa,FiAr,family,1
GiZa,GaAr,family,1
GiZa,FrBu,family,1
GiZa,ViBu,family,1
GiZa,SaBu,family,1
GiZa,SaCh,family,1
GiZa,DoFe,family,1
GiZa,GiIn,family,1
GiZa,GaLo,family,1
GiZa,GiLo,family,1
GiZa,GiOl,family,1
GiZa,AnSi,family,1
GiZa,FrPa,family,1
GiZa,ViSi,family,1
GiZa,VSdA,family,1
GiZa,PiTa,family,1
OnZa,FiMa,family,1
OnZa,BeTi,family,1
OnZa,PiVe,family,1
OnZa,CaZa,family,2
OnZa,AnMa,family,1
OnZa,GiMa,family,1
OnZa,ViMa,family,1
OnZa,GaTi,family,1
OnZa,GiTi,family,1
OnZa,LoTi,family,1
OnZa,AnVe,family,1
OnZa,CoVe,family,1
OnZa,GiVe,family,1
OnZa,RuVe,family,1
OnZa,GiZa,family,2
OnZa,GiAb,family,1
OnZa,MaAb,family,1
OnZa,PaAl,family,1
OnZa,PiAl,family,1
OnZa,FiAr,family,1
OnZa,GaAr,family,1
OnZa,FrBu,family,1
OnZa,ViBu,family,1
OnZa,SaBu,family,1
OnZa,SaCh,family,1
OnZa,DoFe,family,1
OnZa,GiIn,family,1
OnZa,GaLo,family,1
OnZa,GiLo,family,1
OnZa,GiOl,family,1
OnZa,AnSi,family,1
OnZa,FrPa,family,1
OnZa,ViSi,family,1
OnZa,VSdA,family,1
OnZa,PiTa,family,1
GiAb,FiMa,family,1
GiAb,BeTi,family,1
GiAb,PiVe,family,1
GiAb,CaZa,family,1
GiAb,AnMa,family,1
GiAb,GiMa,family,1
GiAb,ViMa,family,1
GiAb,GaTi,family,1
GiAb,GiTi,family,1
GiAb,LoTi,family,1
GiAb,AnVe,family,1
GiAb,CoVe,family,1
GiAb,GiVe,family,1
GiAb,RuVe,family,1
GiAb,GiZa,family,1
GiAb,OnZa,family,1
GiAb,MaAb,family,2
GiAb,PaAl,family,1
GiAb,PiAl,family,1
GiAb,FiAr,family,1
GiAb,GaAr,family,1
GiAb,FrBu,family,1
GiAb,ViBu,family,1
GiAb,SaBu,family,1
GiAb,SaCh,family,1
GiAb,DoFe,family,1
GiAb,GiIn,family,1
GiAb,GaLo,family,1
GiAb,GiLo,family,1
GiAb,GiOl,family,1
GiAb,AnSi,family,1
GiAb,FrPa,family,1
GiAb,ViSi,family,1
GiAb,VSdA,family,1
GiAb,PiTa,family,1
MaAb,FiMa,family,1
MaAb,BeTi,family,1
MaAb,PiVe,family,1
MaAb,CaZa,family,1
MaAb,AnMa,family,1
MaAb,GiMa,family,1
MaAb,ViMa,family,1
MaAb,GaTi,family,1
MaAb,GiTi,family,1
MaAb,LoTi,family,1
MaAb,AnVe,family,1
MaAb,CoVe,family,1
MaAb,GiVe,family,1
MaAb,RuVe,family,1
MaAb,GiZa,family,1
MaAb,OnZa,family,1
MaAb,GiAb,family,2
MaAb,PaAl,family,1
MaAb,PiAl,family,1
MaAb,FiAr,family,1
MaAb,GaAr,family,1
MaAb,FrBu,family,1
MaAb,ViBu,family,1
MaAb,SaBu,family,1
MaAb,SaCh,family,1
MaAb,DoFe,family,1
MaAb,GiIn,family,1
MaAb,GaLo,family,1
MaAb,GiLo,family,1
MaAb,GiOl,family,1
MaAb,AnSi,family,1
MaAb,FrPa,family,1
MaAb,ViSi,family,1
MaAb,VSdA,family,1
MaAb,PiTa,family,1
PaAl,FiMa,family,1
PaAl,BeTi,family,1
PaAl,PiVe,family,1
PaAl,CaZa,family,1
PaAl,AnMa,family,1
PaAl,GiMa,family,1
PaAl,ViMa,family,1
PaAl,GaTi,family,1
PaAl,GiTi,family,1
PaAl,LoTi,family,1
PaAl,AnVe,family,1
PaAl,CoVe,family,1
PaAl,GiVe,family,1
PaAl,RuVe,family,1
PaAl,GiZa,family,1
PaAl,OnZa,family,1
PaAl,GiAb,family,1
PaAl,MaAb,family,1
PaAl,PiAl,family,2
PaAl,FiAr,family,1
PaAl,GaAr,family,1
PaAl,FrBu,family,1
PaAl,ViBu,family,1
PaAl,SaBu,family,1
PaAl,SaCh,family,1
PaAl,DoFe,family,1
PaAl,GiIn,family,1
PaAl,GaLo,family,1
PaAl,GiLo,family,1
PaAl,GiOl,family,1
PaAl,AnSi,family,1
PaAl,FrPa,family,1
PaAl,ViSi,family,1
PaAl,VSdA,family,1
PaAl,PiTa,family,1
PiAl,FiMa,family,1
PiAl,BeTi,family,1
PiAl,PiVe,family,1
PiAl,CaZa,family,1
PiAl,AnMa,family,1
PiAl,GiMa,family,1
PiAl,ViMa,family,1
PiAl,GaTi,family,1
PiAl,GiTi,family,1
PiAl,LoTi,family,1
PiAl,AnVe,family,1
PiAl,CoVe,family,1
PiAl,GiVe,family,1
PiAl,RuVe,family,1
PiAl,GiZa,family,1
PiAl,OnZa,family,1
PiAl,GiAb,family,1
PiAl,MaAb,family,1
PiAl,PaAl,family,2
PiAl,FiAr,family,1
PiAl,GaAr,family,1
PiAl,FrBu,family,1
PiAl,ViBu,family,1
PiAl,SaBu,family,1
PiAl,SaCh,family,1
PiAl,DoFe,family,1
PiAl,GiIn,family,1
PiAl,GaLo,family,1
PiAl,GiLo,family,1
PiAl,GiOl,family,1
PiAl,AnSi,family,1
PiAl,FrPa,family,1
PiAl,ViSi,family,1
PiAl,VSdA,family,1
PiAl,PiTa,family,1
FiAr,FiMa,family,1
FiAr,BeTi,family,1
FiAr,PiVe,family,1
FiAr,CaZa,family,1
FiAr,AnMa,family,1
FiAr,GiMa,family,1
FiAr,ViMa,family,1
FiAr,GaTi,family,1
FiAr,GiTi,family,1
FiAr,LoTi,family,1
FiAr,AnVe,family,1
FiAr,CoVe,family,1
FiAr,GiVe,family,1
FiAr,RuVe,family,1
FiAr,GiZa,family,1
FiAr,OnZa,family,1
FiAr,GiAb,family,1
FiAr,MaAb,family,1
FiAr,PaAl,family,1
FiAr,PiAl,family,1
FiAr,GaAr,family,2
FiAr,FrBu,family,1
FiAr,ViBu,family,1
FiAr,SaBu,family,1
FiAr,SaCh,family,1
FiAr,DoFe,family,1
FiAr,GiIn,family,1
FiAr,GaLo,family,1
FiAr,GiLo,family,1
FiAr,GiOl,family,1
FiAr,AnSi,family,1
FiAr,FrPa,family,1
FiAr,ViSi,family,1
FiAr,VSdA,family,1
FiAr,PiTa,family,1
GaAr,FiMa,family,1
GaAr,BeTi,family,1
GaAr,PiVe,family,1
GaAr,CaZa,family,1
GaAr,AnMa,family,1
GaAr,GiMa,family,1
GaAr,ViMa,family,1
GaAr,GaTi,family,1
GaAr,GiTi,family,1
GaAr,LoTi,family,1
GaAr,AnVe,family,1
GaAr,CoVe,family,1
GaAr,GiVe,family,1
GaAr,RuVe,family,1
GaAr,GiZa,family,1
GaAr,OnZa,family,1
GaAr,GiAb,family,1
GaAr,MaAb,family,1
GaAr,PaAl,family,1
GaAr,PiAl,family,1
GaAr,FiAr,family,2
GaAr,FrBu,family,1
GaAr,ViBu,family,1
GaAr,SaBu,family,1
GaAr,SaCh,family,1
GaAr,DoFe,family,1
GaAr,GiIn,family,1
GaAr,GaLo,family,1
GaAr,GiLo,family,1
GaAr,GiOl,family,1
GaAr,AnSi,family,1
GaAr,FrPa,family,1
GaAr,ViSi,family,1
GaAr,VSdA,family,1
GaAr,PiTa,family,1
FrBu,FiMa,family,1
FrBu,BeTi,family,1
FrBu,PiVe,family,1
FrBu,CaZa,family,1
FrBu,AnMa,family,1
FrBu,GiMa,family,1
FrBu,ViMa,family,1
FrBu,GaTi,family,1
FrBu,GiTi,family,1
FrBu,LoTi,family,1
FrBu,AnVe,family,1
FrBu,CoVe,family,1
FrBu,GiVe,family,1
FrBu,RuVe,family,1
FrBu,GiZa,family,1
FrBu,OnZa,family,1
FrBu,GiAb,family,1
FrBu,MaAb,family,1
FrBu,PaAl,family,1
FrBu,PiAl,family,1
FrBu,FiAr,family,1
FrBu,GaAr,family,1
FrBu,ViBu,family,2
FrBu,SaBu,family,2
FrBu,SaCh,family,1
FrBu,DoFe,family,1
FrBu,GiIn,family,1
FrBu,GaLo,family,1
FrBu,GiLo,family,1
FrBu,GiOl,family,1
FrBu,AnSi,family,1
FrBu,FrPa,family,1
FrBu,ViSi,family,1
FrBu,VSdA,family,1
FrBu,PiTa,family,1
ViBu,FiMa,family,1
ViBu,BeTi,family,1
ViBu,PiVe,family,1
ViBu,CaZa,family,1
ViBu,AnMa,family,1
ViBu,GiMa,family,1
ViBu,ViMa,family,1
ViBu,GaTi,family,1
ViBu,GiTi,family,1
ViBu,LoTi,family,1
ViBu,AnVe,family,1
ViBu,CoVe,family,1
ViBu,GiVe,family,1
ViBu,RuVe,family,1
ViBu,GiZa,family,1
ViBu,OnZa,family,1
ViBu,GiAb,family,1
ViBu,MaAb,family,1
ViBu,PaAl,family,1
ViBu,PiAl,family,1
ViBu,FiAr,family,1
ViBu,GaAr,family,1
ViBu,FrBu,family,2
ViBu,SaBu,family,2
ViBu,SaCh,family,1
ViBu,DoFe,family,1
ViBu,GiIn,family,1
ViBu,GaLo,family,1
ViBu,GiLo,family,1
ViBu,GiOl,family,1
ViBu,AnSi,family,1
ViBu,FrPa,family,1
ViBu,ViSi,family,1
ViBu,VSdA,family,1
ViBu,PiTa,family,1
SaBu,FiMa,family,1
SaBu,BeTi,family,1
SaBu,PiVe,family,1
SaBu,CaZa,family,1
SaBu,AnMa,family,1
SaBu,GiMa,family,1
SaBu,ViMa,family,1
SaBu,GaTi,family,1
SaBu,GiTi,family,1
SaBu,LoTi,family,1
SaBu,AnVe,family,1
SaBu,CoVe,family,1
SaBu,GiVe,family,1
SaBu,RuVe,family,1
SaBu,GiZa,family,1
SaBu,OnZa,family,1
SaBu,GiAb,family,1
SaBu,GiAb,family,1
SaBu,MaAb,family,1
SaBu,PaAl,family,1
SaBu,PiAl,family,1
SaBu,FiAr,family,1
SaBu,GaAr,family,1
SaBu,FrBu,family,2
SaBu,ViBu,family,2
SaBu,SaCh,family,1
SaBu,DoFe,family,1
SaBu,GiIn,family,1
SaBu,GaLo,family,1
SaBu,GiLo,family,1
SaBu,GiOl,family,1
SaBu,AnSi,family,1
SaBu,FrPa,family,1
SaBu,ViSi,family,1
SaBu,VSdA,family,1
SaBu,PiTa,family,1
SaCh,FiMa,family,1
SaCh,BeTi,family,1
SaCh,PiVe,family,1
SaCh,CaZa,family,1
SaCh,AnMa,family,1
SaCh,GiMa,family,1
SaCh,ViMa,family,1
SaCh,GaTi,family,1
SaCh,GiTi,family,1
SaCh,LoTi,family,1
SaCh,AnVe,family,1
SaCh,CoVe,family,1
SaCh,GiVe,family,1
SaCh,RuVe,family,1
SaCh,GiZa,family,1
SaCh,OnZa,family,1
SaCh,GiAb,family,1
SaCh,MaAb,family,1
SaCh,PaAl,family,1
SaCh,PiAl,family,1
SaCh,FiAr,family,1
SaCh,GaAr,family,1
SaCh,FrBu,family,1
SaCh,ViBu,family,1
SaCh,SaBu,family,1
SaCh,DoFe,family,1
SaCh,GiIn,family,1
SaCh,GaLo,family,1
SaCh,GiLo,family,1
SaCh,GiOl,family,1
SaCh,AnSi,family,1
SaCh,FrPa,family,1
SaCh,ViSi,family,1
SaCh,VSdA,family,1
SaCh,PiTa,family,1
DoFe,FiMa,family,1
DoFe,BeTi,family,1
DoFe,PiVe,family,1
DoFe,CaZa,family,1
DoFe,AnMa,family,1
DoFe,GiMa,family,1
DoFe,ViMa,family,1
DoFe,GaTi,family,1
DoFe,GiTi,family,1
DoFe,LoTi,family,1
DoFe,AnVe,family,1
DoFe,CoVe,family,1
DoFe,GiVe,family,1
DoFe,RuVe,family,1
DoFe,GiZa,family,1
DoFe,OnZa,family,1
DoFe,GiAb,family,1
DoFe,MaAb,family,1
DoFe,PaAl,family,1
DoFe,PiAl,family,1
DoFe,FiAr,family,1
DoFe,GaAr,family,1
DoFe,FrBu,family,1
DoFe,ViBu,family,1
DoFe,SaBu,family,1
DoFe,SaCh,family,1
DoFe,GiIn,family,1
DoFe,GaLo,family,1
DoFe,GiLo,family,1
DoFe,GiOl,family,1
DoFe,AnSi,family,1
DoFe,FrPa,family,1
DoFe,ViSi,family,1
DoFe,VSdA,family,1
DoFe,PiTa,family,1
GiIn,FiMa,family,1
GiIn,BeTi,family,1
GiIn,PiVe,family,1
GiIn,CaZa,family,1
GiIn,AnMa,family,1
GiIn,GiMa,family,1
GiIn,ViMa,family,1
GiIn,GaTi,family,1
GiIn,GiTi,family,1
GiIn,LoTi,family,1
GiIn,AnVe,family,1
GiIn,CoVe,family,1
GiIn,GiVe,family,1
GiIn,RuVe,family,1
GiIn,GiZa,family,1
GiIn,OnZa,family,1
GiIn,GiAb,family,1
GiIn,MaAb,family,1
GiIn,PaAl,family,1
GiIn,PiAl,family,1
GiIn,FiAr,family,1
GiIn,GaAr,family,1
GiIn,FrBu,family,1
GiIn,ViBu,family,1
GiIn,SaBu,family,1
GiIn,SaCh,family,1
GiIn,DoFe,family,1
GiIn,GaLo,family,1
GiIn,GiLo,family,1
GiIn,GiOl,family,1
GiIn,AnSi,family,1
GiIn,FrPa,family,1
GiIn,ViSi,family,1
GiIn,VSdA,family,1
GiIn,PiTa,family,1
GaLo,FiMa,family,1
GaLo,BeTi,family,1
GaLo,PiVe,family,1
GaLo,CaZa,family,1
GaLo,AnMa,family,1
GaLo,GiMa,family,1
GaLo,ViMa,family,1
GaLo,GaTi,family,1
GaLo,GiTi,family,1
GaLo,LoTi,family,1
GaLo,AnVe,family,1
GaLo,CoVe,family,1
GaLo,GiVe,family,1
GaLo,RuVe,family,1
GaLo,GiZa,family,1
GaLo,OnZa,family,1
GaLo,GiAb,family,1
GaLo,MaAb,family,1
GaLo,PaAl,family,1
GaLo,PiAl,family,1
GaLo,FiAr,family,1
GaLo,GaAr,family,1
GaLo,FrBu,family,1
GaLo,ViBu,family,1
GaLo,SaBu,family,1
GaLo,SaCh,family,1
GaLo,DoFe,family,1
GaLo,GiIn,family,1
GaLo,GiLo,family,2
GaLo,GiOl,family,1
GaLo,AnSi,family,1
GaLo,FrPa,family,1
GaLo,ViSi,family,1
GaLo,VSdA,family,1
GaLo,PiTa,family,1
GiLo,FiMa,family,1
GiLo,BeTi,family,1
GiLo,PiVe,family,1
GiLo,CaZa,family,1
GiLo,AnMa,family,1
GiLo,GiMa,family,1
GiLo,ViMa,family,1
GiLo,GaTi,family,1
GiLo,GiTi,family,1
GiLo,LoTi,family,1
GiLo,AnVe,family,1
GiLo,CoVe,family,1
GiLo,GiVe,family,1
GiLo,RuVe,family,1
GiLo,GiZa,family,1
GiLo,OnZa,family,1
GiLo,GiAb,family,1
GiLo,MaAb,family,1
GiLo,PaAl,family,1
GiLo,PiAl,family,1
GiLo,FiAr,family,1
GiLo,GaAr,family,1
GiLo,FrBu,family,1
GiLo,ViBu,family,1
GiLo,SaBu,family,1
GiLo,SaCh,family,1
GiLo,DoFe,family,1
GiLo,GiIn,family,1
GiLo,GaLo,family,2
GiLo,GiOl,family,1
GiLo,AnSi,family,1
GiLo,FrPa,family,1
GiLo,ViSi,family,1
GiLo,VSdA,family,1
GiLo,PiTa,family,1
GiOl,FiMa,family,1
GiOl,BeTi,family,1
GiOl,PiVe,family,1
GiOl,CaZa,family,1
GiOl,AnMa,family,1
GiOl,GiMa,family,1
GiOl,ViMa,family,1
GiOl,GaTi,family,1
GiOl,GiTi,family,1
GiOl,LoTi,family,1
GiOl,AnVe,family,1
GiOl,CoVe,family,1
GiOl,GiVe,family,1
GiOl,RuVe,family,1
GiOl,GiZa,family,1
GiOl,OnZa,family,1
GiOl,GiAb,family,1
GiOl,MaAb,family,1
GiOl,PaAl,family,1
GiOl,PiAl,family,1
GiOl,FiAr,family,1
GiOl,GaAr,family,1
GiOl,FrBu,family,1
GiOl,ViBu,family,1
GiOl,SaBu,family,1
GiOl,SaCh,family,1
GiOl,DoFe,family,1
GiOl,GiIn,family,1
GiOl,GaLo,family,1
GiOl,GiLo,family,1
GiOl,AnSi,family,1
GiOl,FrPa,family,1
GiOl,ViSi,family,1
GiOl,VSdA,family,1
GiOl,PiTa,family,1
AnSi,FiMa,family,1
AnSi,BeTi,family,1
AnSi,PiVe,family,1
AnSi,CaZa,family,1
AnSi,AnMa,family,1
AnSi,GiMa,family,1
AnSi,ViMa,family,1
AnSi,GaTi,family,1
AnSi,GiTi,family,1
AnSi,LoTi,family,1
AnSi,AnVe,family,1
AnSi,CoVe,family,1
AnSi,GiVe,family,1
AnSi,RuVe,family,1
AnSi,GiZa,family,1
AnSi,OnZa,family,1
AnSi,GiAb,family,1
AnSi,MaAb,family,1
AnSi,PaAl,family,1
AnSi,PiAl,family,1
AnSi,FiAr,family,1
AnSi,GaAr,family,1
AnSi,FrBu,family,1
AnSi,ViBu,family,1
AnSi,SaBu,family,1
AnSi,SaCh,family,1
AnSi,DoFe,family,1
AnSi,GiIn,family,1
AnSi,GaLo,family,1
AnSi,GiLo,family,1
AnSi,GiOl,family,1
AnSi,FrPa,family,2
AnSi,ViSi,family,2
AnSi,VSdA,family,2
AnSi,PiTa,family,1
FrPa,FiMa,family,1
FrPa,BeTi,family,1
FrPa,PiVe,family,1
FrPa,CaZa,family,1
FrPa,AnMa,family,1
FrPa,GiMa,family,1
FrPa,ViMa,family,1
FrPa,GaTi,family,1
FrPa,GiTi,family,1
FrPa,LoTi,family,1
FrPa,AnVe,family,1
FrPa,CoVe,family,1
FrPa,GiVe,family,1
FrPa,RuVe,family,1
FrPa,GiZa,family,1
FrPa,OnZa,family,1
FrPa,GiAb,family,1
FrPa,MaAb,family,1
FrPa,PaAl,family,1
FrPa,PiAl,family,1
FrPa,FiAr,family,1
FrPa,GaAr,family,1
FrPa,FrBu,family,1
FrPa,ViBu,family,1
FrPa,SaBu,family,1
FrPa,SaCh,family,1
FrPa,DoFe,family,1
FrPa,GiIn,family,1
FrPa,GaLo,family,1
FrPa,GiLo,family,1
FrPa,GiOl,family,1
FrPa,AnSi,family,2
FrPa,ViSi,family,2
FrPa,VSdA,family,2
FrPa,PiTa,family,1
ViSi,FiMa,family,1
ViSi,BeTi,family,1
ViSi,PiVe,family,1
ViSi,CaZa,family,1
ViSi,AnMa,family,1
ViSi,GiMa,family,1
ViSi,ViMa,family,1
ViSi,GaTi,family,1
ViSi,GiTi,family,1
ViSi,LoTi,family,1
ViSi,AnVe,family,1
ViSi,CoVe,family,1
ViSi,GiVe,family,1
ViSi,RuVe,family,1
ViSi,GiZa,family,1
ViSi,OnZa,family,1
ViSi,GiAb,family,1
ViSi,MaAb,family,1
ViSi,PaAl,family,1
ViSi,PiAl,family,1
ViSi,FiAr,family,1
ViSi,GaAr,family,1
ViSi,FrBu,family,1
ViSi,ViBu,family,1
ViSi,SaBu,family,1
ViSi,SaCh,family,1
ViSi,DoFe,family,1
ViSi,GiIn,family,1
ViSi,GaLo,family,1
ViSi,GiLo,family,1
ViSi,GiOl,family,1
ViSi,AnSi,family,2
ViSi,FrPa,family,2
ViSi,VSdA,family,2
ViSi,PiTa,family,1
VSdA,FiMa,family,1
VSdA,BeTi,family,1
VSdA,PiVe,family,1
VSdA,CaZa,family,1
VSdA,AnMa,family,1
VSdA,GiMa,family,1
VSdA,ViMa,family,1
VSdA,GaTi,family,1
VSdA,GiTi,family,1
VSdA,LoTi,family,1
VSdA,AnVe,family,1
VSdA,CoVe,family,1
VSdA,GiVe,family,1
VSdA,RuVe,family,1
VSdA,GiZa,family,1
VSdA,OnZa,family,1
VSdA,GiAb,family,1
VSdA,MaAb,family,1
VSdA,PaAl,family,1
VSdA,PiAl,family,1
VSdA,FiAr,family,1
VSdA,GaAr,family,1
VSdA,FrBu,family,1
VSdA,ViBu,family,1
VSdA,SaBu,family,1
VSdA,SaCh,family,1
VSdA,DoFe,family,1
VSdA,GiIn,family,1
VSdA,GaLo,family,1
VSdA,GiLo,family,1
VSdA,GiOl,family,1
VSdA,AnSi,family,2
VSdA,FrPa,family,2
VSdA,ViSi,family,2
VSdA,PiTa,family,1
PiTa,FiMa,family,1
PiTa,BeTi,family,1
PiTa,PiVe,family,1
PiTa,CaZa,family,1
PiTa,AnMa,family,1
PiTa,GiMa,family,1
PiTa,ViMa,family,1
PiTa,GaTi,family,1
PiTa,GiTi,family,1
PiTa,LoTi,family,1
PiTa,AnVe,family,1
PiTa,CoVe,family,1
PiTa,GiVe,family,1
PiTa,RuVe,family,1
PiTa,GiZa,family,1
PiTa,OnZa,family,1
PiTa,GiAb,family,1
PiTa,MaAb,family,1
PiTa,PaAl,family,1
PiTa,PiAl,family,1
PiTa,FiAr,family,1
PiTa,GaAr,family,1
PiTa,FrBu,family,1
PiTa,ViBu,family,1
PiTa,SaBu,family,1
PiTa,SaCh,family,1
PiTa,DoFe,family,1
PiTa,GiIn,family,1
PiTa,GaLo,family,1
PiTa,GiLo,family,1
PiTa,GiOl,family,1
PiTa,AnSi,family,1
PiTa,FrPa,family,1
PiTa,ViSi,family,1
PiTa,VSdA,family,1
FiMa,GiGr,ally,2
GiMa,GiGr,ally,1
PiVe,GaMu,ally,1
FiMa,GiGa,ally,1
FiMa,GiLu,ally,1
AnMa,ViPu,conflict,NA
GiMa,ViPu,conclict,NA
FiMa,ViPu,ally,1
DoFe,GiCa,ally,1
DoFe,StPa,ally,1
DoFe,ViPa,ally,1
OnZa,DoCr,ally,2
GiZa,DoCr,ally,2
CaZa,DoCr,ally,2
GiOl,StPa,ally,1
PaAl,DoCr,ally,2
A,AnDC,family,1
A,GiDC,family,1
AnDC,A,family,1
GiDC,A,family,1
AnDC,GiDC,family,2
AnDC,SaRi,ally,1
AnDC,BePr,ally,1
AnDC,FrCM,ally,1
AnDC,GiSc,ally,1
AnDC,RoRi,ally,1
AnDC,GiGr,ally,1
AnDC,MiGr,ally,1
AnDC,MaAg,ally,1
AnDC,BeBr,ally,1
AnDC,AnGe,ally,1
AnDC,GCal,ally,1
GiDC,AnDC,Giaa,2
B,GiSc,family,1
B,LeGr,family,1
GiSc,B,family,1
LeGr,B,family,1
GiSc,LeGr,family,1
GiSc,AnDC,ally,1
GiSc,RoRi,ally,1
GiSc,FrCM,ally,1
GiSc,BePr,ally,1
GiSc,SaRi,ally,1
GiSc,MiGr,ally,1
GiSc,GiGr,ally,1
GiSc,MaAg,ally,1
GiSc,BeBr,ally,1
GiSc,AnGe,ally,1
GiSc,GCal,ally,1
LeGr,GiSc,family,1
LeGr,MiGr,ally,3
LeGr,BePr,ally,2
P,RoRi,family,1
P,GiCu,family,1
P,GiGi,family,1
P,GaMu,family,1
RoRi,P,family,1
GiCu,P,family,1
GiGi,P,family,1
GaMu,P,family,1
RoRi,GiCu,family,1
RoRi,GiGi,family,1
RoRi,GaMu,family,1
RoRi,SaRi,conflict,NA
RoRi,BePr,conflict,NA
RoRi,AnDC,ally,1
RoRi,GiSc,ally,1
RoRi,AnGe,conflict,NA
RoRi,IgMo,conflict,NA
RoRi,FrCM,conflict,NA
RoRi,MaAG,ally,1
RoRi,BeBr,ally,1
RoRi,GCal,conflict,NA
RoRi,MiGr,ally,1
RoRi,GiGr,ally,1
GiCu,RoRi,family,1
GiCu,GiGi,family,1
GiCu,GaMu,family,1
GiGi,RoRi,family,1
GiGi,GiCu,family,1
GiGi,GaMu,family,1
GaMu,RoRi,family,1
GaMu,GiCu,family,1
GaMu,GiGi,family,1
GaMu,SaRi,ally,2
GaMu,PiVe,ally,1
R,FrCM,family,1
R,GMad,family,1
R,SMad,family,1
R,GiCl,family,1
FrCM,R,family,1
GMad,R,family,1
SMad,R,family,1
GiCl,R,family,1
FrCM,GMad,family,2
FrCM,SMad,family,2
FrCM,GiCl,family,1
FrCM,RoRi,ally,1
FrCM,SaRi,ally,2
FrCM,BePr,ally,2
FrCM,AnDC,ally,1
FrCM,GiSc,ally,1
FrCM,MiGr,ally,1
FrCM,GiGr,ally,1
FrCM,IgMo,ally,1
FrCM,AnGe,ally,1
FrCM,MaAg,ally,1
FrCM,BeBr,ally,1
FrCM,GCal,ally,1
GMad,FrCM,family,2
GMad,SMad,family,2
GMad,GiCl,family,1
GMad,SaRi,ally,2
GMad,ViPu,ally,1
GMad,BeSa,ally,1
SMad,FrCM,family,2
SMad,GMad,family,2
SMad,GiCl,family,1
GiCl,FrCM,family,1
GiCl,GMad,family,1
GiCl,SMad,family,1
SL,GiGa,family,1
GiGa,SL,family,1
GiGa,SaRi,ally,2
GiGa,GiGr,ally,1
GiGa,GiLu,ally,1
GiGa,ViPu,ally,1
GiGa,FiMa,ally,1
GiGa,GBPu,ally,1
TN,ArBo,family,1
TN,FrBo,family,1
TN,LuBo,family,1
ArBo,TN,family,1
FrBo,TN,family,1
LuBo,TN,family,1
ArBo,FrBo,family,2
ArBo,LuBo,family,2
ArBo,ViPu,ally,1
FrBo,ArBo,family,2
FrBo,LuBo,family,2
FrBo,PiPu,ally,1
LuBo,ArBo,family,2
LuBo,FrBo,family,2
BC,GSav,family,1
BC,CaSa,family,1
BC,ViSa,family,1
BC,AnCa,family,1
BC,GiuC,family,1
BC,BeGr,family,1
BC,FiGr,family,1
BC,GGra,family,1
BC,AnLI,family,1
GSav,BC,family,1
CaSa,BC,family,1
ViSa,BC,family,1
AnCa,BC,family,1
GiuC,BC,family,1
BeGr,BC,family,1
FiGr,BC,family,1
GGra,BC,family,1
AnLI,BC,family,1
GSav,GiLu,ally,1
GSav,CaSa,family,2
GSav,ViSa,family,2
GSav,AnCa,family,1
GSav,GiuC,family,1
GSav,BeGr,family,1
GSav,FiGr,family,1
GSav,GGra,family,1
GSav,AnLI,family,1
CaSa,GiLu,ally,1
CaSa,GSav,family,2
CaSa,ViSa,family,2
CaSa,AnCa,family,1
CaSa,GiuC,family,1
CaSa,BeGr,family,1
CaSa,FiGr,family,1
CaSa,GGra,family,1
CaSa,AnLI,family,1
ViSa,GiLu,ally,1
ViSa,GSav,family,2
ViSa,CaSa,family,2
ViSa,AnCa,family,1
ViSa,GiuC,family,1
ViSa,BeGr,family,1
ViSa,FiGr,family,1
ViSa,GGra,family,1
ViSa,AnLI,family,1
AnCa,GiLu,ally,1
AnCa,GSav,family,1
AnCa,CaSa,family,1
AnCa,ViSa,family,1
AnCa,GiuC,family,2
AnCa,BeGr,family,1
AnCa,FiGr,family,1
AnCa,GGra,family,1
AnCa,AnLI,family,1
AnCa,MiGr,ally,2
GiuC,GiLu,ally,1
GiuC,GSav,family,1
GiuC,CaSa,family,1
GiuC,ViSa,family,1
GiuC,AnCa,family,2
GiuC,BeGr,family,1
GiuC,FiGr,family,1
GiuC,GGra,family,1
GiuC,AnLI,family,1
BeGr,GiLu,ally,1
BeGr,GSav,family,1
BeGr,CaSa,family,1
BeGr,ViSa,family,1
BeGr,AnCa,family,1
BeGr,GiuC,family,1
BeGr,FiGr,family,2
BeGr,GGra,family,2
BeGr,AnLI,family,1
FiGr,GiLu,ally,1
FiGr,GSav,family,1
FiGr,CaSa,family,1
FiGr,ViSa,family,1
FiGr,AnCa,family,1
FiGr,GiuC,family,1
FiGr,BeGr,family,2
FiGr,GGra,family,2
FiGr,AnLI,family,1
GGra,GiLu,ally,1
GGra,GSav,family,1
GGra,CaSa,family,1
GGra,ViSa,family,1
GGra,AnCa,family,1
GGra,GiuC,family,1
GGra,BeGr,family,2
GGra,FiGr,family,2
GGra,AnLI,family,1
GGra,SaRi,ally,2
AnLI,GiLu,ally,1
AnLI,GSav,family,1
AnLI,CaSa,family,1
AnLI,ViSa,family,1
AnLI,AnCa,family,1
AnLI,GiuC,family,1
AnLI,BeGr,family,1
AnLI,FiGr,family,1
AnLI,GGra,family,1
CC,GiLu,family,1
CC,RoMa,family,1
CC,SaMa,family,1
CC,MiGr,family,1
CC,SaGr,family,1
CC,GiGr,family,1
CC,GiuG,family,1
CC,GGre,family,1
CC,FrBu,family,1
CC,ViBu,family,1
CC,GiCa,family,1
CC,AnLu,family,1
CC,GiPa,family,1
CC,StPa,family,1
CC,GiPr,family,1
CC,GPre,family,1
CC,GiuP,family,1
CC,DoCr,family,1
CC,AnLR,family,1
CC,GiLR,family,1
CC,ViPa,family,1
CC,AnPu,family,1
CC,PiPu,family,1
CC,ViPu,family,1
CC,SaPr,family,1
CC,NiPr,family,1
CC,NGre,family,1
GiLu,CC,family,1
RoMa,CC,family,1
SaMa,CC,family,1
MiGr,CC,family,1
SaGr,CC,family,1
GiGr,CC,family,1
GiuG,CC,family,1
GGre,CC,family,1
FrBu,CC,family,1
ViBu,CC,family,1
GiCa,CC,family,1
AnLu,CC,family,1
GiPa,CC,family,1
StPa,CC,family,1
GiPr,CC,family,1
GPre,CC,family,1
GiuP,CC,family,1
DoCr,CC,family,1
AnLR,CC,family,1
GiLR,CC,family,1
ViPa,CC,family,1
AnPu,CC,family,1
PiPu,CC,family,1
ViPu,CC,family,1
SaPr,CC,family,1
NiPr,CC,family,1
NGre,CC,family,1
MiGr,SaGr,family,2
MiGr,GiGr,family,1
MiGr,GiuG,family,2
MiGr,GGre,family,2
MiGr,FrBu,family,1
MiGr,ViBu,family,1
MiGr,GiCa,family,1
MiGr,AnLu,family,1
MiGr,GiPa,family,1
MiGr,StPa,family,1
MiGr,GiPr,family,1
MiGr,GPre,family,1
MiGr,GiuP,family,1
MiGr,DoCr,family,1
MiGr,AnLR,family,1
MiGr,GiLR,family,1
MiGr,ViPa,family,1
MiGr,AnPu,family,1
MiGr,PiPu,family,1
MiGr,ViPu,family,1
MiGr,SaPr,family,1
MiGr,NiPr,family,1
MiGr,NGre,family,2
MiGr,SaRi,ally,2
MiGr,BePr,ally,2
MiGr,LeBa,ally,2
MiGr,RoMa,family,1
MiGr,SaMa,family,1
MiGr,AnDC,ally,1
MiGr,GiSc,ally,1
MiGr,LeGr,ally,3
MiGr,FrCM,ally,1
MiGr,GiLu,family,1
MiGr,AnCa,ally,2
MiGr,AnGe,ally,1
MiGr,IgMo,ally,1
MiGr,RoRi,ally,1
MiGr,MaAg,ally,1
MiGr,BeBr,ally,1
MiGr,IgSa,ally,1
MiGr,GCal,ally,1
GiGr,MiGr,family,1
GiGr,SaGr,family,1
GiGr,GiuG,family,1
GiGr,GGre,family,1
GiGr,FrBu,family,1
GiGr,ViBu,family,1
GiGr,GiCa,family,1
GiGr,AnLu,family,1
GiGr,GiPa,family,1
GiGr,StPa,family,1
GiGr,GiPr,family,1
GiGr,GPre,family,1
GiGr,GiuP,family,1
GiGr,DoCr,family,1
GiGr,AnLR,family,1
GiGr,GiLR,family,1
GiGr,ViPa,family,1
GiGr,AnPu,family,1
GiGr,PiPu,family,1
GiGr,ViPu,conflict,NA
GiGr,SaPr,family,1
GiGr,NiPr,family,1
GiGr,NGre,family,1
GiGr,SaRi,conflict,NA
GiGr,BePr,ally,1
GiGr,RoMa,family,1
GiGr,SaMa,family,1
GiGr,GiLu,conflict,NA
GiGr,FiMa,ally,2
GiGr,GBPu,ally,1
GiGr,AnDC,ally,1
GiGr,GiSc,ally,1
GiGr,FrCM,ally,1
GiGr,GiGa,ally,1
GiGr,AnGe,ally,1
GiGr,IgMo,ally,1
GiGr,RoRi,ally,1
GiGr,GiMa,ally,1
GiGr,MaAg,ally,1
GiCr,BeBr,ally,1
GiCr,GCal,ally,1
SaGr,MiGr,family,2
SaGr,GiGr,family,1
SaGr,GiuG,family,2
SaGr,GGre,family,2
SaGr,FrBu,family,1
SaGr,ViBu,family,1
SaGr,GiCa,family,1
SaGr,AnLu,family,1
SaGr,GiPa,family,1
SaGr,StPa,family,1
SaGr,GiPr,family,1
SaGr,GPre,family,1
SaGr,GiuP,family,1
SaGr,DoCr,family,1
SaGr,AnLR,family,1
SaGr,GiLR,family,1
SaGr,ViPa,family,1
SaGr,AnPu,family,1
SaGr,PiPu,family,1
SaGr,ViPu,family,1
SaGr,SaPr,family,1
SaGr,NiPr,family,1
SaGr,NGre,family,2
SaGr,GiLu,family,1
SaGr,RoMa,family,1
SaGr,SaMa,family,1
GiuG,MiGr,family,2
GiuG,GiGr,family,1
GiuG,SaGr,family,2
GiuG,GGre,family,2
GiuG,FrBu,family,1
GiuG,ViBu,family,1
GiuG,GiCa,family,1
GiuG,AnLu,family,1
GiuG,GiPa,family,1
GiuG,StPa,family,1
GiuG,GiPr,family,1
GiuG,GPre,family,1
GiuG,GiuP,family,1
GiuG,DoCr,family,1
GiuG,AnLR,family,1
GiuG,GiLR,family,1
GiuG,ViPa,family,1
GiuG,AnPu,family,1
GiuG,PiPu,family,1
GiuG,ViPu,family,1
GiuG,SaPr,family,1
GiuG,NiPr,family,1
GiuG,NGre,family,2
GiuG,GiLu,family,1
GiuG,RoMa,family,1
GiuG,SaMa,family,1
GGre,MiGr,family,2
GGre,GiGr,family,1
GGre,SaGr,family,2
GGre,GiuG,family,2
GGre,FrBu,family,1
GGre,ViBu,family,1
GGre,GiCa,family,1
GGre,AnLu,family,1
GGre,GiPa,family,1
GGre,StPa,family,1
GGre,GiPr,family,1
GGre,GPre,family,1
GGre,GiuP,family,1
GGre,DoCr,family,1
GGre,AnLR,family,1
GGre,GiLR,family,1
GGre,ViPa,family,1
GGre,AnPu,family,1
GGre,PiPu,family,1
GGre,ViPu,family,1
GGre,SaPr,family,1
GGre,NiPr,family,1
GGre,NGre,family,2
GGre,GiLu,family,1
GGre,RoMa,family,1
GGre,SaMa,family,1
FrBu,MiGr,family,1
FrBu,GiGr,family,1
FrBu,SaGr,family,1
FrBu,GiuG,family,1
FrBu,GGre,family,1
FrBu,ViBu,family,2
FrBu,GiCa,family,1
FrBu,AnLu,family,1
FrBu,GiPa,family,1
FrBu,StPa,family,1
FrBu,GiPr,family,1
FrBu,GPre,family,1
FrBu,GiuP,family,1
FrBu,DoCr,family,1
FrBu,AnLR,family,1
FrBu,GiLR,family,1
FrBu,ViPa,family,1
FrBu,AnPu,family,1
FrBu,PiPu,family,1
FrBu,ViPu,family,1
FrBu,SaPr,family,1
FrBu,NiPr,family,1
FrBu,NGre,family,1
FrBu,GiLu,family,1
FrBu,RoMa,family,1
FrBu,SaMa,family,1
ViBu,MiGr,family,1
ViBu,GiGr,family,1
ViBu,SaGr,family,1
ViBu,GiuG,family,1
ViBu,GGre,family,1
ViBu,FrBu,family,2
ViBu,GiCa,family,1
ViBu,AnLu,family,1
ViBu,GiPa,family,1
ViBu,StPa,family,1
ViBu,GiPr,family,1
ViBu,GPre,family,1
ViBu,GiuP,family,1
ViBu,DoCr,family,1
ViBu,AnLR,family,1
ViBu,GiLR,family,1
ViBu,ViPa,family,1
ViBu,AnPu,family,1
ViBu,PiPu,family,1
ViBu,ViPu,family,1
ViBu,SaPr,family,1
ViBu,NiPr,family,1
ViBu,NGre,family,1
ViBu,GiLu,family,1
ViBu,RoMa,family,1
ViBu,SaMa,family,1
GiCa,MiGr,family,1
GiCa,GiGr,family,1
GiCa,SaGr,family,1
GiCa,GiuG,family,1
GiCa,GGre,family,1
GiCa,FrBu,family,1
GiCa,ViBu,family,1
GiCa,AnLu,family,1
GiCa,GiPa,family,1
GiCa,StPa,family,1
GiCa,GiPr,family,1
GiCa,GPre,family,1
GiCa,GiuP,family,1
GiCa,DoCr,family,1
GiCa,AnLR,family,1
GiCa,GiLR,family,1
GiCa,ViPa,family,1
GiCa,AnPu,family,1
GiCa,PiPu,family,1
GiCa,ViPu,family,1
GiCa,SaPr,family,1
GiCa,NiPr,family,1
GiCa,NGre,family,1
GiCa,GiLu,family,1
GiCa,RoMa,family,1
GiCa,SaMa,family,1
GiCa,DoFe,ally,1
DoCr,MiGr,family,1
DoCr,GiGr,family,1
DoCr,SaGr,family,1
DoCr,GiuG,family,1
DoCr,GGre,family,1
DoCr,FrBu,family,1
DoCr,ViBu,family,1
DoCr,AnLu,family,1
DoCr,GiPa,family,1
DoCr,StPa,family,1
DoCr,GiPr,family,1
DoCr,GPre,family,1
DoCr,GiuP,family,1
DoCr,GiCa,family,1
DoCr,AnLR,family,1
DoCr,GiLR,family,1
DoCr,ViPa,family,1
DoCr,AnPu,family,1
DoCr,PiPu,family,1
DoCr,ViPu,family,1
DoCr,SaPr,family,1
DoCr,NiPr,family,1
DoCr,NGre,family,1
DoCr,GiLu,family,1
DoCr,RoMa,family,1
DoCr,SaMa,family,1
DoCr,PaAl,ally,2
DoCr,CaZa,ally,2
DoCr,GiZa,ally,2
DoCr,OnZa,ally,2
AnLR,MiGr,family,1
AnLR,GiGr,family,1
AnLR,SaGr,family,1
AnLR,GiuG,family,1
AnLR,GGre,family,1
AnLR,FrBu,family,1
AnLR,ViBu,family,1
AnLR,AnLu,family,1
AnLR,GiPa,family,1
AnLR,StPa,family,1
AnLR,GiPr,family,1
AnLR,GPre,family,1
AnLR,GiuP,family,1
AnLR,GiCa,family,1
AnLR,DoCr,family,1
AnLR,GiLR,family,2
AnLR,ViPa,family,1
AnLR,AnPu,family,1
AnLR,PiPu,family,1
AnLR,ViPu,family,1
AnLR,SaPr,family,1
AnLR,NiPr,family,1
AnLR,NGre,family,1
AnLR,GiLu,family,1
AnLR,RoMa,family,1
AnLR,SaMa,family,1
GiLR,MiGr,family,1
GiLR,GiGr,family,1
GiLR,SaGr,family,1
GiLR,GiuG,family,1
GiLR,GGre,family,1
GiLR,FrBu,family,1
GiLR,ViBu,family,1
GiLR,AnLu,family,1
GiLR,GiPa,family,1
GiLR,StPa,family,1
GiLR,GiPr,family,1
GiLR,GPre,family,1
GiLR,GiuP,family,1
GiLR,GiCa,family,1
GiLR,DoCr,family,1
GiLR,AnLR,family,2
GiLR,ViPa,family,1
GiLR,AnPu,family,1
GiLR,PiPu,family,1
GiLR,ViPu,family,1
GiLR,SaPr,family,1
GiLR,NiPr,family,1
GiLR,NGre,family,1
GiLR,GiLu,family,1
GiLR,RoMa,family,1
GiLR,SaMa,family,1
AnLu,MiGr,family,1
AnLu,GiGr,family,1
AnLu,SaGr,family,1
AnLu,GiuG,family,1
AnLu,GGre,family,1
AnLu,FrBu,family,1
AnLu,ViBu,family,1
AnLu,GiLR,family,1
AnLu,GiPa,family,1
AnLu,StPa,family,1
AnLu,GiPr,family,1
AnLu,GPre,family,1
AnLu,GiuP,family,1
AnLu,GiCa,family,1
AnLu,DoCr,family,1
AnLu,AnLR,family,1
AnLu,ViPa,family,1
AnLu,AnPu,family,1
AnLu,PiPu,family,1
AnLu,ViPu,family,1
AnLu,SaPr,family,1
AnLu,NiPr,family,1
AnLu,NGre,family,1
AnLu,GiLu,family,2
AnLu,RoMa,family,1
AnLu,SaMa,family,1
AnLu,ToSp,ally,3
GiLu,GSav,ally,1
GiLu,CaSa,ally,1
GiLu,ViSa,ally,1
GiLu,AnCa,ally,1
GiLu,GiuC,ally,1
GiLu,BeGr,ally,1
GiLu,FiGr,ally,1
GiLu,GGra,ally,1
GiLu,AnLI,ally,1
GiLu,SaRi,ally,2
GiLu,GiGr,conflict,NA
GiLu,BePr,ally,2
GiLu,AnLu,family,2
GiLu,GiGa,ally,1
GiLu,ViPu,family,1
GiLu,FiMa,ally,1
GiLu,GBPu,ally,1
GiLu,ToSp,ally,3
GiLu,MiGr,family,1
GiLu,SaGr,family,1
GiLu,GiuG,family,1
GiLu,GGre,family,1
GiLu,FrBu,family,1
GiLu,ViBu,family,1
GiLu,GiLR,family,1
GiLu,GiPa,family,1
GiLu,StPa,family,1
GiLu,GiPr,family,1
GiLu,GPre,family,1
GiLu,GiuP,family,1
GiLu,GiCa,family,1
GiLu,DoCr,family,1
GiLu,AnLR,family,1
GiLu,ViPa,family,1
GiLu,AnPu,family,1
GiLu,PiPu,family,1
GiLu,SaPr,family,1
GiLu,NiPr,family,1
GiLu,NGre,family,1
GiLu,RoMa,family,1
GiLu,SaMa,family,1
GiPa,MiGr,family,1
GiPa,GiGr,family,1
GiPa,SaGr,family,1
GiPa,GiuG,family,1
GiPa,GGre,family,1
GiPa,FrBu,family,1
GiPa,ViBu,family,1
GiPa,GiLR,family,1
GiPa,AnLu,family,1
GiPa,StPa,family,2
GiPa,GiPr,family,1
GiPa,GPre,family,1
GiPa,GiuP,family,1
GiPa,GiCa,family,1
GiPa,DoCr,family,1
GiPa,AnLR,family,1
GiPa,ViPa,family,2
GiPa,AnPu,family,1
GiPa,PiPu,family,1
GiPa,ViPu,family,1
GiPa,SaPr,family,1
GiPa,NiPr,family,1
GiPa,NGre,family,1
GiPa,GiLu,family,1
GiPa,RoMa,family,1
GiPa,SaMa,family,1
StPa,MiGr,family,1
StPa,GiGr,family,1
StPa,SaGr,family,1
StPa,GiuG,family,1
StPa,GGre,family,1
StPa,FrBu,family,1
StPa,ViBu,family,1
StPa,GiLR,family,1
StPa,AnLu,family,1
StPa,GiPa,family,2
StPa,GiPr,family,1
StPa,GPre,family,1
StPa,GiuP,family,1
StPa,GiCa,family,1
StPa,DoCr,family,1
StPa,AnLR,family,1
StPa,ViPa,family,2
StPa,AnPu,family,1
StPa,PiPu,family,1
StPa,ViPu,family,1
StPa,SaPr,family,1
StPa,NiPr,family,1
StPa,NGre,family,1
StPa,GiLu,family,1
StPa,RoMa,family,1
StPa,SaMa,family,1
StPa,DoFe,ally,1
StPa,GBPu,ally,1
StPa,GiOl,ally,1
ViPa,MiGr,family,1
ViPa,GiGr,family,1
ViPa,SaGr,family,1
ViPa,GiuG,family,1
ViPa,GGre,family,1
ViPa,FrBu,family,1
ViPa,ViBu,family,1
ViPa,GiLR,family,1
ViPa,AnLu,family,1
ViPa,GiPa,family,2
ViPa,GiPr,family,1
ViPa,GPre,family,1
ViPa,GiuP,family,1
ViPa,GiCa,family,1
ViPa,DoCr,family,1
ViPa,AnLR,family,1
ViPa,StPa,family,2
ViPa,AnPu,family,1
ViPa,PiPu,family,1
ViPa,ViPu,family,1
ViPa,SaPr,family,1
ViPa,NiPr,family,1
ViPa,NGre,family,1
ViPa,GiLu,family,1
ViPa,RoMa,family,1
ViPa,SaMa,family,1
ViPa,DoFe,ally,1
AnPu,MiGr,family,1
AnPu,GiGr,family,1
AnPu,SaGr,family,1
AnPu,GiuG,family,1
AnPu,GGre,family,1
AnPu,FrBu,family,1
AnPu,ViBu,family,1
AnPu,GiLR,family,1
AnPu,AnLu,family,1
AnPu,GiPa,family,1
AnPu,GiPr,family,1
AnPu,GPre,family,1
AnPu,GiuP,family,1
AnPu,GiCa,family,1
AnPu,DoCr,family,1
AnPu,AnLR,family,1
AnPu,StPa,family,1
AnPu,ViPa,family,1
AnPu,PiPu,family,2
AnPu,ViPu,family,2
AnPu,SaPr,family,1
AnPu,NiPr,family,1
AnPu,NGre,family,1
AnPu,GiLu,family,1
AnPu,RoMa,family,1
AnPu,SaMa,family,1
PiPu,MiGr,family,1
PiPu,GiGr,family,1
PiPu,SaGr,family,1
PiPu,GiuG,family,1
PiPu,GGre,family,1
PiPu,FrBu,family,1
PiPu,ViBu,family,1
PiPu,GiLR,family,1
PiPu,AnLu,family,1
PiPu,GiPa,family,1
PiPu,GiPr,family,1
PiPu,GPre,family,1
PiPu,GiuP,family,1
PiPu,GiCa,family,1
PiPu,DoCr,family,1
PiPu,AnLR,family,1
PiPu,StPa,family,1
PiPu,ViPa,family,1
PiPu,AnPu,family,2
PiPu,ViPu,family,2
PiPu,SaPr,family,1
PiPu,NiPr,family,1
PiPu,NGre,family,1
PiPu,GiLu,family,1
PiPu,RoMa,family,1
PiPu,SaMa,family,1
PiPu,SaRi,conflict,NA
PiPu,FrBo,ally,1
ViPu,MiGr,family,1
ViPu,GiGr,conflict,NA
ViPu,SaGr,family,1
ViPu,GiuG,family,1
ViPu,GGre,family,1
ViPu,FrBu,family,1
ViPu,ViBu,family,1
ViPu,GiLR,family,1
ViPu,AnLu,family,1
ViPu,GiPa,family,1
ViPu,GiPr,family,1
ViPu,GPre,family,1
ViPu,GiuP,family,1
ViPu,GiCa,family,1
ViPu,DoCr,family,1
ViPu,AnLR,family,1
ViPu,StPa,family,1
ViPu,ViPa,family,1
ViPu,AnPu,family,2
ViPu,PiPu,family,2
ViPu,SaPr,family,1
ViPu,NiPr,family,2
ViPu,NGre,family,1
ViPu,GiLu,family,1
ViPu,RoMa,family,1
ViPu,GMad,ally,1
ViPu,SaMa,family,1
ViPu,ArBo,ally,1
ViPu,SaRi,ally,1
ViPu,AnMa,conflict,NA
ViPu,GiMa,conflict,NA
ViPu,FiMa,ally,1
ViPu,GBPu,ally,1
ViPu,GiGa,ally,1
GiPr,MiGr,family,1
GiPr,GiGr,family,1
GiPr,SaGr,family,1
GiPr,GiuG,family,1
GiPr,GGre,family,1
GiPr,FrBu,family,1
GiPr,ViBu,family,1
GiPr,GiLR,family,1
GiPr,AnLu,family,1
GiPr,GiPa,family,1
GiPr,ViPu,family,1
GiPr,GPre,family,2
GiPr,GiuP,family,2
GiPr,GiCa,family,1
GiPr,DoCr,family,1
GiPr,AnLR,family,1
GiPr,StPa,family,1
GiPr,ViPa,family,1
GiPr,AnPu,family,1
GiPr,PiPu,family,1
GiPr,SaPr,family,2
GiPr,NiPr,family,2
GiPr,NGre,family,1
GiPr,GiLu,family,1
GiPr,RoMa,family,1
GiPr,SaMa,family,1
GPre,MiGr,family,1
GPre,GiGr,family,1
GPre,SaGr,family,1
GPre,GiuG,family,1
GPre,GGre,family,1
GPre,FrBu,family,1
GPre,ViBu,family,1
GPre,GiLR,family,1
GPre,AnLu,family,1
GPre,GiPa,family,1
GPre,ViPu,family,1
GPre,GiPr,family,2
GPre,GiuP,family,2
GPre,GiCa,family,1
GPre,DoCr,family,1
GPre,AnLR,family,1
GPre,StPa,family,1
GPre,ViPa,family,1
GPre,AnPu,family,1
GPre,PiPu,family,1
GPre,SaPr,family,2
GPre,NiPr,family,2
GPre,NGre,family,1
GPre,GiLu,family,1
GPre,RoMa,Family,1
GPre,SaMa,Family,1
GiuP,MiGr,family,1
GiuP,GiGr,family,1
GiuP,SaGr,family,1
GiuP,GiuG,family,1
GiuP,GGre,family,1
GiuP,FrBu,family,1
GiuP,ViBu,family,1
GiuP,GiLR,family,1
GiuP,AnLu,family,1
GiuP,GiPa,family,1
GiuP,ViPu,family,1
GiuP,GiPr,family,2
GiuP,GPre,family,2
GiuP,GiCa,family,1
GiuP,DoCr,family,1
GiuP,AnLR,family,1
GiuP,StPa,family,1
GiuP,ViPa,family,1
GiuP,AnPu,family,1
GiuP,PiPu,family,1
GiuP,SaPr,family,2
GiuP,NiPr,family,2
GiuP,NGre,family,1
GiuP,GiLu,family,1
GiuP,RoMa,family,1
GiuP,SaMa,family,1
SaPr,MiGr,family,1
SaPr,GiGr,family,1
SaPr,SaGr,family,1
SaPr,GiuG,family,1
SaPr,GGre,family,1
SaPr,FrBu,family,1
SaPr,ViBu,family,1
SaPr,GiLR,family,1
SaPr,AnLu,family,1
SaPr,GiPa,family,1
SaPr,ViPu,family,1
SaPr,GiPr,family,2
SaPr,GPre,family,2
SaPr,GiCa,family,1
SaPr,DoCr,family,1
SaPr,AnLR,family,1
SaPr,StPa,family,1
SaPr,ViPa,family,1
SaPr,AnPu,family,1
SaPr,PiPu,family,1
SaPr,GiuP,family,2
SaPr,NiPr,family,2
SaPr,NGre,family,1
SaPr,GiLu,family,1
SaPr,RoMa,family,1
SaPr,SaMa,family,1
NiPr,MiGr,family,1
NiPr,GiGr,family,1
NiPr,SaGr,family,1
NiPr,GiuG,family,1
NiPr,GGre,family,1
NiPr,FrBu,family,1
NiPr,ViBu,family,1
NiPr,GiLR,family,1
NiPr,AnLu,family,1
NiPr,GiPa,family,1
NiPr,ViPu,family,1
NiPr,GiPr,family,2
NiPr,GPre,family,2
NiPr,GiCa,family,1
NiPr,DoCr,family,1
NiPr,AnLR,family,1
NiPr,StPa,family,1
NiPr,ViPa,family,1
NiPr,AnPu,family,1
NiPr,PiPu,family,1
NiPr,GiuP,family,2
NiPr,SaPr,family,2
NiPr,NGre,family,1
NiPr,GiLu,family,1
NiPr,RoMa,family,1
NiPr,SaMa,family,1
NGre,MiGr,family,1
NGre,GiGr,family,1
NGre,SaGr,family,1
NGre,GiuG,family,1
NGre,GGre,family,1
NGre,FrBu,family,1
NGre,ViBu,family,1
NGre,GiLR,family,1
NGre,AnLu,family,1
NGre,GiPa,family,1
NGre,ViPu,family,1
NGre,GiPr,family,1
NGre,GPre,family,1
NGre,GiCa,family,1
NGre,DoCr,family,1
NGre,AnLR,family,1
NGre,StPa,family,1
NGre,ViPa,family,1
NGre,AnPu,family,1
NGre,PiPu,family,1
NGre,GiuP,family,1
NGre,SaPr,family,1
NGre,NiPr,family,1
NGre,GiLu,family,1
NGre,RoMa,family,1
NGre,SaMa,family,1
RoMa,SaMa,family,2
RoMa,MiGr,family,1
RoMa,NGre,family,1
RoMa,GiGr,family,1
RoMa,SaGr,family,1
RoMa,GiuG,family,1
RoMa,GGre,family,1
RoMa,FrBu,family,1
RoMa,ViBu,family,1
RoMa,GiLR,family,1
RoMa,AnLu,family,1
RoMa,GiPa,family,1
RoMa,ViPu,family,1
RoMa,GiPr,family,1
RoMa,GPre,family,1
RoMa,GiCa,family,1
RoMa,DoCr,family,1
RoMa,AnLR,family,1
RoMa,StPa,family,1
RoMa,ViPa,family,1
RoMa,AnPu,family,1
RoMa,PiPu,family,1
RoMa,GiuP,family,1
RoMa,SaPr,family,1
RoMa,NiPr,family,1
RoMa,GiLu,family,1
SaMa,RoMa,family,2
SaMa,MiGr,family,1
SaMa,NGre,family,1
SaMa,GiGr,family,1
SaMa,SaGr,family,1
SaMa,GiuG,family,1
SaMa,GGre,family,1
SaMa,FrBu,family,1
SaMa,ViBu,family,1
SaMa,GiLR,family,1
SaMa,AnLu,family,1
SaMa,GiPa,family,1
SaMa,ViPu,family,1
SaMa,GiPr,family,1
SaMa,GPre,family,1
SaMa,GiCa,family,1
SaMa,DoCr,family,1
SaMa,AnLR,family,1
SaMa,StPa,family,1
SaMa,ViPa,family,1
SaMa,AnPu,family,1
SaMa,PiPu,family,1
SaMa,GiuP,family,1
SaMa,SaPr,family,1
SaMa,NiPr,family,1
SaMa,GiLu,family,1
C,SaRi,family,1
C,BePr,family,1
C,LeBa,family,1
C,SaPa,family,1
C,PaPa,family,1
SaRi,C,family,1
BePr,C,family,1
LeBa,C,family,1
SaPa,C,family,1
PaPa,C,family,1
SaRi,BePr,family,1
SaRi,LeBa,family,1
SaRi,SaPa,family,1
SaRi,PaPa,family,1
SaRi,MiGr,ally,2
SaRi,AnDc,ally,1
SaRi,GiSc,ally,1
SaRi,RoRi,conflict,NA
SaRi,FrCM,ally,2
SaRi,MaAg,ally,1
SaRi,BeSa,ally,2
SaRi,BeBr,ally,1
SaRi,GiBr,ally,1
SaRi,GCal,ally,1
SaRi,GiGr,conflict,NA
SaRi,GaMu,ally,2
SaRi,GMad,ally,2
SaRi,GiGa,ally,2
SaRi,GiLu,ally,2
SaRi,GGra,ally,2
SaRi,PiPu,conflict,NA
SaRi,ViPu,ally,1
SaRi,AnRo,ally,2
SaRi,AnGe,ally,1
SaRi,ToBu,conflict,NA
SaRi,IgMo,ally,1
SaRi,IgSa,conflict,NA
BePr,SaRi,family,1
BePr,LeBa,family,1
BePr,SaPa,family,1
BePr,PaPa,family,1
BePr,MiGr,ally,2
BePr,AnDC,ally,1
BePr,LeGr,ally,2
BePr,GiSc,ally,1
BePr,RoRi,conlict,NA
BePr,FrCM,ally,2
BePr,GiLu,ally,2
BePr,MaAg,ally,1
BePr,BeBr,ally,1
BePr,GiBr,ally,1
BePr,GCal,ally,1
BePr,GiGr,ally,1
BePr,AnGe,ally,1
BePr,IgMo,ally,1
LeBa,SaRi,family,1
LeBa,BePr,family,1
LeBa,SaPa,family,1
LeBa,PaPa,family,1
LeBa,MiGr,ally,2
SaPa,SaRi,family,1
SaPa,BePr,family,1
SaPa,LeBa,family,1
SaPa,PaPa,family,2
PaPa,SaRi,family,1
PaPa,BePr,family,1
PaPa,LeBa,family,1
PaPa,SaPa,family,2
PN,GCal,family,1
PN,ToSp,family,1
PN,GeAl,family,1
PN,GiBa,family,1
PN,ToBu,family,1
PN,AnRo,family,1
PN,GiuCa,family,1
PN,GiCi,family,1
PN,AnCi,family,1
PN,ToMa,family,1
PN,VitM,family,1
PN,NiMi,family,1
PN,NuMi,family,1
PN,SaMi,family,1
PN,SaRo,family,1
PN,PiSe,family,1
PN,AnSp,family,1
PN,FrSp,family,1
PN,GiSp,family,1
PN,ViSp,family,1
GCal,PN,family,1
ToSp,PN,family,1
GeAl,PN,family,1
GiBa,PN,family,1
ToBu,PN,family,1
AnRo,PN,family,1
GiuCa,PN,family,1
GiCi,PN,family,1
AnCi,PN,family,1
ToMa,PN,family,1
VitM,PN,family,1
NiMi,PN,family,1
NuMi,PN,family,1
SaMi,PN,family,1
SaRo,PN,family,1
PiSe,PN,family,1
AnSp,PN,family,1
FrSp,PN,family,1
GiSp,PN,family,1
ViSp,PN,family,1
GCal,ToSp,family,1
GCal,GeAl,family,1
GCal,GiBa,family,1
GCal,ToBu,family,1
GCal,AnRo,family,1
GCal,GiuCa,family,1
GCal,GiCi,family,1
GCal,AnCi,family,1
GCal,ToMa,family,1
GCal,VitM,family,1
GCal,NiMi,family,1
GCal,NuMi,family,1
GCal,SaMi,family,1
GCal,SaRo,family,1
GCal,PiSe,family,1
GCal,AnSp,family,1
GCal,FrSp,family,1
GCal,GiSp,family,1
GCal,ViSp,family,1
GCal,BePr,ally,1
GCal,SaRi,ally,1
GCal,AnDC,ally,1
GCal,GiSc,ally,1
GCal,RoRi,conflict,NA
GCal,FrMC,ally,1
GCal,MiGr,ally,1
GCal,GiGr,ally,1
GCal,AnGe,ally,1
ToSp,GCal,family,1
ToSp,GeAl,family,1
ToSp,GiBa,family,1
ToSp,ToBu,family,1
ToSp,AnRo,family,1
ToSp,GiuCa,family,1
ToSp,GiCi,family,1
ToSp,AnCi,family,1
ToSp,ToMa,family,1
ToSp,VitM,family,1
ToSp,NiMi,family,1
ToSp,NuMi,family,1
ToSp,SaMi,family,1
ToSp,SaRo,family,1
ToSp,PiSe,family,1
ToSp,AnSp,family,2
ToSp,FrSp,family,2
ToSp,GiSp,family,2
ToSp,ViSp,family,2
ToSp,GiLu,ally,3
ToSp,AnLu,ally,3
GeAl,GCal,family,1
GeAl,ToSp,family,1
GeAl,GiBa,family,1
GeAl,ToBu,family,1
GeAl,AnRo,family,1
GeAl,GiuCa,family,1
GeAl,GiCi,family,1
GeAl,AnCi,family,1
GeAl,ToMa,family,1
GeAl,VitM,family,1
GeAl,NiMi,family,1
GeAl,NuMi,family,1
GeAl,SaMi,family,1
GeAl,SaRo,family,1
GeAl,PiSe,family,1
GeAl,AnSp,family,1
GeAl,FrSp,family,1
GeAl,GiSp,family,1
GeAl,ViSp,family,1
GiBa,GCal,family,1
GiBa,ToSp,family,1
GiBa,GeAl,family,1
GiBa,ToBu,family,1
GiBa,AnRo,family,1
GiBa,GiuCa,family,1
GiBa,GiCi,family,1
GiBa,AnCi,family,1
GiBa,ToMa,family,1
GiBa,VitM,family,1
GiBa,NiMi,family,1
GiBa,NuMi,family,1
GiBa,SaMi,family,1
GiBa,SaRo,family,1
GiBa,PiSe,family,1
GiBa,AnSp,family,1
GiBa,FrSp,family,1
GiBa,GiSp,family,1
GiBa,ViSp,family,1
ToBu,GCal,conflict,NA
ToBu,ToSp,family,1
ToBu,GeAl,family,1
ToBu,GiBa,family,1
ToBu,AnRo,family,1
ToBu,GiuCa,family,1
ToBu,GiCi,family,1
ToBu,AnCi,family,1
ToBu,ToMa,family,1
ToBu,VitM,family,1
ToBu,NiMi,family,1
ToBu,NuMi,family,1
ToBu,SaMi,family,1
ToBu,SaRo,family,1
ToBu,PiSe,family,1
ToBu,AnSp,family,1
ToBu,FrSp,family,1
ToBu,GiSp,family,1
ToBu,ViSp,family,1
ToBu,IgSa,conflict,NA
ToBu,SaRi,conflict,NA
AnRo,GCal,family,1
AnRo,ToSp,family,1
AnRo,GeAl,family,1
AnRo,GiBa,family,1
AnRo,ToBu,family,1
AnRo,GiuCa,family,1
AnRo,GiCi,family,1
AnRo,AnCi,family,1
AnRo,ToMa,family,1
AnRo,VitM,family,1
AnRo,NiMi,family,1
AnRo,NuMi,family,1
AnRo,SaMi,family,1
AnRo,SaRo,family,2
AnRo,PiSe,family,1
AnRo,AnSp,family,1
AnRo,FrSp,family,1
AnRo,GiSp,family,1
AnRo,ViSp,family,1
AnRo,SaRi,ally,2
GiuCa,GCal,family,1
GiuCa,ToSp,family,1
GiuCa,GeAl,family,1
GiuCa,GiBa,family,1
GiuCa,ToBu,family,1
GiuCa,AnRo,family,1
GiuCa,GiCi,family,1
GiuCa,AnCi,family,1
GiuCa,ToMa,family,1
GiuCa,VitM,family,1
GiuCa,NiMi,family,1
GiuCa,NuMi,family,1
GiuCa,SaMi,family,1
GiuCa,SaRo,family,1
GiuCa,PiSe,family,1
GiuCa,AnSp,family,1
GiuCa,FrSp,family,1
GiuCa,GiSp,family,1
GiuCa,ViSp,family,1
GiCi,GCal,family,1
GiCi,ToSp,family,1
GiCi,GeAl,family,1
GiCi,GiBa,family,1
GiCi,ToBu,family,1
GiCi,AnRo,family,1
GiCi,GiuCa,family,1
GiCi,AnCi,family,2
GiCi,ToMa,family,1
GiCi,VitM,family,1
GiCi,NiMi,family,1
GiCi,NuMi,family,1
GiCi,SaMi,family,1
GiCi,SaRo,family,1
GiCi,PiSe,family,1
GiCi,AnSp,family,1
GiCi,FrSp,family,1
GiCi,GiSp,family,1
GiCi,ViSp,family,1
AnCi,GCal,family,1
AnCi,ToSp,family,1
AnCi,GeAl,family,1
AnCi,GiBa,family,1
AnCi,ToBu,family,1
AnCi,AnRo,family,1
AnCi,GiuCa,family,1
AnCi,GiCi,family,2
AnCi,ToMa,family,1
AnCi,VitM,family,1
AnCi,NiMi,family,1
AnCi,NuMi,family,1
AnCi,SaMi,family,1
AnCi,SaRo,family,1
AnCi,PiSe,family,1
AnCi,AnSp,family,1
AnCi,FrSp,family,1
AnCi,GiSp,family,1
AnCi,ViSp,family,1
ToMa,GCal,family,1
ToMa,ToSp,family,1
ToMa,GeAl,family,1
ToMa,GiBa,family,1
ToMa,ToBu,family,1
ToMa,AnRo,family,1
ToMa,GiuCa,family,1
ToMa,GiCi,family,1
ToMa,AnCi,family,1
ToMa,VitM,family,2
ToMa,NiMi,family,1
ToMa,NuMi,family,1
ToMa,SaMi,family,1
ToMa,SaRo,family,1
ToMa,PiSe,family,1
ToMa,AnSp,family,1
ToMa,FrSp,family,1
ToMa,GiSp,family,1
ToMa,ViSp,family,1
VitM,GCal,family,1
VitM,ToSp,family,1
VitM,GeAl,family,1
VitM,GiBa,family,1
VitM,ToBu,family,1
VitM,AnRo,family,1
VitM,GiuCa,family,1
VitM,GiCi,family,1
VitM,AnCi,family,1
VitM,ToMa,family,2
VitM,NiMi,family,1
VitM,NuMi,family,1
VitM,SaMi,family,1
VitM,SaRo,family,1
VitM,PiSe,family,1
VitM,AnSp,family,1
VitM,FrSp,family,1
VitM,GiSp,family,1
VitM,ViSp,family,1
NiMi,GCal,family,1
NiMi,ToSp,family,1
NiMi,GeAl,family,1
NiMi,GiBa,family,1
NiMi,ToBu,family,1
NiMi,AnRo,family,1
NiMi,GiuCa,family,1
NiMi,GiCi,family,1
NiMi,AnCi,family,1
NiMi,ToMa,family,1
NiMi,VitM,family,1
NiMi,NuMi,family,2
NiMi,SaMi,family,2
NiMi,SaRo,family,1
NiMi,PiSe,family,1
NiMi,AnSp,family,1
NiMi,FrSp,family,1
NiMi,GiSp,family,1
NiMi,ViSp,family,1
NuMi,GCal,family,1
NuMi,ToSp,family,1
NuMi,GeAl,family,1
NuMi,GiBa,family,1
NuMi,ToBu,family,1
NuMi,AnRo,family,1
NuMi,GiuCa,family,1
NuMi,GiCi,family,1
NuMi,AnCi,family,1
NuMi,ToMa,family,1
NuMi,VitM,family,1
NuMi,NiMi,family,2
NuMi,SaMi,family,2
NuMi,SaRo,family,1
NuMi,PiSe,family,1
NuMi,AnSp,family,1
NuMi,FrSp,family,1
NuMi,GiSp,family,1
NuMi,ViSp,family,1
SaMi,GCal,family,1
SaMi,ToSp,family,1
SaMi,GeAl,family,1
SaMi,GiBa,family,1
SaMi,ToBu,family,1
SaMi,AnRo,family,1
SaMi,GiuCa,family,1
SaMi,GiCi,family,1
SaMi,AnCi,family,1
SaMi,ToMa,family,1
SaMi,VitM,family,1
SaMi,NiMi,family,2
SaMi,NuMi,family,2
SaMi,SaRo,family,1
SaMi,PiSe,family,1
SaMi,AnSp,family,1
SaMi,FrSp,family,1
SaMi,GiSp,family,1
SaMi,ViSp,family,1
PiSe,GCal,family,1
PiSe,ToSp,family,1
PiSe,GeAl,family,1
PiSe,GiBa,family,1
PiSe,ToBu,family,1
PiSe,AnRo,family,1
PiSe,GiuCa,family,1
PiSe,GiCi,family,1
PiSe,AnCi,family,1
PiSe,ToMa,family,1
PiSe,VitM,family,1
PiSe,NiMi,family,1
PiSe,NuMi,family,1
PiSe,SaMi,family,1
PiSe,SaRo,family,1
PiSe,AnSp,family,1
PiSe,FrSp,family,1
PiSe,GiSp,family,1
PiSe,ViSp,family,1
AnSp,GCal,family,1
AnSp,ToSp,family,2
AnSp,GeAl,family,1
AnSp,GiBa,family,1
AnSp,ToBu,family,1
AnSp,AnRo,family,1
AnSp,GiuCa,family,1
AnSp,GiCi,family,1
AnSp,AnCi,family,1
AnSp,ToMa,family,1
AnSp,VitM,family,1
AnSp,NiMi,family,1
AnSp,NuMi,family,1
AnSp,SaMi,family,1
AnSp,SaRo,family,1
AnSp,PiSe,family,1
AnSp,FrSp,family,2
AnSp,GiSp,family,2
AnSp,ViSp,family,2
FrSp,GCal,family,1
FrSp,ToSp,family,2
FrSp,GeAl,family,1
FrSp,GiBa,family,1
FrSp,ToBu,family,1
FrSp,AnRo,family,1
FrSp,GiuCa,family,1
FrSp,GiCi,family,1
FrSp,AnCi,family,1
FrSp,ToMa,family,1
FrSp,VitM,family,1
FrSp,NiMi,family,1
FrSp,NuMi,family,1
FrSp,SaMi,family,1
FrSp,SaRo,family,1
FrSp,PiSe,family,1
FrSp,AnSp,family,2
FrSp,GiSp,family,2
FrSp,ViSp,family,2
GiSp,GCal,family,1
GiSp,ToSp,family,2
GiSp,GeAl,family,1
GiSp,GiBa,family,1
GiSp,ToBu,family,1
GiSp,AnRo,family,1
GiSp,GiuCa,family,1
GiSp,GiCi,family,1
GiSp,AnCi,family,1
GiSp,ToMa,family,1
GiSp,VitM,family,1
GiSp,NiMi,family,1
GiSp,NuMi,family,1
GiSp,SaMi,family,1
GiSp,SaRo,family,1
GiSp,PiSe,family,1
GiSp,AnSp,family,2
GiSp,FrSp,family,2
GiSp,ViSp,family,2
ViSp,GCal,family,1
ViSp,ToSp,family,2
ViSp,GeAl,family,1
ViSp,GiBa,family,1
ViSp,ToBu,family,1
ViSp,AnRo,family,1
ViSp,GiuCa,family,1
ViSp,GiCi,family,1
ViSp,AnCi,family,1
ViSp,ToMa,family,1
ViSp,VitM,family,1
ViSp,NiMi,family,1
ViSp,NuMi,family,1
ViSp,SaMi,family,1
ViSp,SaRo,family,1
ViSp,PiSe,family,1
ViSp,AnSp,family,2
ViSp,FrSp,family,2
ViSp,GiSp,family,2
SCp,BeBr,family,1
SCp,GiBr,family,1
BeBr,SCp,family,1
GiBr,SCp,family,1
BeBr,GiBr,family,2
BeBr,SaRi,ally,1
BeBr,BePr,ally,1
BeBr,AnDC,ally,1
BeBr,GiSc,ally,1
BeBr,RoRi,ally,1
BeBr,FrCM,ally,1
BeBr,MiGr,ally,1
BeBr,GiGr,ally,1
GiBr,BeBr,family,2
GiBr,BePr,ally,1
GiBr,SaRi,ally,1
GiBr,IgSa,conflict,NA
S,IgSa,family,1
IgSa,S,family,1
IgSa,ToBu,ally,1
IgSa,MiGr,ally,1
MdV,MaAg,family,1
MaAg,MdV,family,1
MaAg,BeSa,ally,1
MaAg,SaRi,ally,1
MaAg,BePr,ally,1
MaAg,AnDC,ally,1
MaAg,GiSc,ally,1
MaAg,RoRi,ally,1
MaAg,FrCM,ally,1
MaAg,MiGr,ally,1
MaAg,GiGr,ally,1
FrPB,FrFa,family,1
FrPB,PiAg,family,1
FrPB,SaCo,family,1
FrPB,GBPu,family,1
FrPB,PiFa,family,1
FrPB,GLVe,family,1
FrPB,IgMo,family,1
FrPB,IgPu,family,1
FrPB,FrTe,family,1
FrPB,GiTe,family,1
FrFa,FrPB,family,1
FrFa,PiAg,family,1
FrFa,SaCo,family,1
FrFa,GBPu,family,1
FrFa,PiFa,family,1
FrFa,GLVe,family,1
FrFa,IgMo,family,1
FrFa,IgPu,family,1
FrFa,FrTe,family,1
FrFa,GiTe,family,1
PiAg,FrPB,family,1
PiAg,FrFa,family,1
PiAg,SaCo,family,1
PiAg,GBPu,family,1
PiAg,PiFa,family,1
PiAg,GLVe,family,1
PiAg,IgMo,family,1
PiAg,IgPu,family,1
PiAg,FrTe,family,1
PiAg,GiTe,family,1
SaCo,FrPB,family,1
SaCo,FrFa,family,1
SaCo,PiAg,family,1
SaCo,GBPu,family,1
SaCo,PiFa,family,1
SaCo,GLVe,family,1
SaCo,IgMo,family,1
SaCo,IgPu,family,1
SaCo,FrTe,family,1
SaCo,GiTe,family,1
GBPu,FrPB,family,1
GBPu,FrFa,family,1
GBPu,PiAg,family,1
GBPu,SaCo,family,1
GBPu,PiFa,family,1
GBPu,GLVe,family,1
GBPu,IgMo,family,1
GBPu,IgPu,family,1
GBPu,FrTe,family,1
GBPu,GiTe,family,1
PiFa,FrPB,family,1
PiFa,FrFa,family,1
PiFa,PiAg,family,1
PiFa,SaCo,family,1
PiFa,GBPu,family,1
PiFa,GLVe,family,1
PiFa,IgMo,family,1
PiFa,IgPu,family,1
PiFa,FrTe,family,1
PiFa,GiTe,family,1
GLVe,FrPB,family,1
GLVe,FrFa,family,1
GLVe,PiAg,family,1
GLVe,SaCo,family,1
GLVe,GBPu,family,1
GLVe,PiFa,family,1
GLVe,IgMo,family,1
GLVe,IgPu,family,1
GLVe,FrTe,family,1
GLVe,GiTe,family,1
IgMo,FrPB,family,1
IgMo,FrFa,family,1
IgMo,PiAg,family,1
IgMo,SaCo,family,1
IgMo,GBPu,family,1
IgMo,PiFa,family,1
IgMo,IgMo,family,1
IgMo,IgPu,family,1
IgPu,FrPB,family,1
IgPu,FrFa,family,1
IgPu,PiAg,family,1
IgPu,SaCo,family,1
IgPu,GBPu,family,2
IgPu,PiFa,family,1
IgPu,GLVe,family,1
IgPu,IgMo,family,1
IgPu,IgPu,family,1
IgPu,FrTe,family,1
IgPu,GiTe,family,1
FrTe,FrPB,family,1
FrTe,FrFa,family,1
FrTe,PiAg,family,1
FrTe,SaCo,family,1
FrTe,GBPu,family,1
FrTe,PiFa,family,1
FrTe,GLVe,family,1
FrTe,IgMo,family,1
FrTe,IgPu,family,1
FrTe,GiTe,family,2
GiTe,FrPB,family,1
GiTe,FrFa,family,1
GiTe,PiAg,family,1
GiTe,SaCo,family,1
GiTe,GBPu,family,1
GiTe,PiFa,family,1
GiTe,GLVe,family,1
GiTe,IgMo,family,1
GiTe,IgPu,family,1
GiTe,FrTe,family,2
FrPB,SM,family,1
FrFa,SM,family,1
PiAg,SM,family,1
SaCo,SM,family,1
GBPu,SM,family,1
PiFa,SM,family,1
GLVe,SM,family,1
IgMo,SM,family,1
IgPu,SM,family,1
FrTe,SM,family,1
GiTe,SM,family,1
SM,FrPB,family,1
SM,FrFa,family,1
SM,PiAg,family,1
SM,SaCo,family,1
SM,GBPu,family,1
SM,PiFa,family,1
SM,GLVe,family,1
SM,IgMo,family,1
SM,IgPu,family,1
SM,FrTe,family,1
SM,GiTe,family,1
IgMo,SaRi,ally,1
IgMo,BePr,ally,1
IgMo,RoRi,conflict,NA
IgMo,FrCM,ally,1
IgMo,MiGr,ally,1
IgMo,GiGr,ally,1
GBPu,StPa,ally,1
GBPu,ViPu,ally,1
GBPu,GiGb,ally,1
GBPu,GiaG,ally,1
GBPu,GiLu,ally,1
SadB,MaMa,family,1
SadB,RMar,family,1
SadB,FrAd,family,1
SadB,GiAd,family,1
SadB,MaAd,family,1
SadB,BeCa,family,1
SadB,SaAd,family,1
SadB,SCon,family,1
SadB,GaGr,family,1
SadB,GiGb,family,1
SadB,GiaG,family,1
SadB,SGra,family,1
SadB,ViGr,family,1
MaMa,SadB,family,1
MaMa,RMar,family,2
MaMa,FrAd,family,1
MaMa,GiAd,family,1
MaMa,MaAd,family,1
MaMa,BeCa,family,1
MaMa,SaAd,family,1
MaMa,SCon,family,1
MaMa,GaGr,family,1
MaMa,GiGb,family,1
MaMa,GiaG,family,1
MaMa,SGra,family,1
MaMa,ViGr,family,1
RMar,SadB,family,1
RMar,MaMa,family,2
RMar,FrAd,family,1
RMar,GiAd,family,1
RMar,MaAd,family,1
RMar,BeCa,family,1
RMar,SaAd,family,1
RMar,SCon,family,1
RMar,GaGr,family,1
RMar,GiGb,family,1
RMar,GiaG,family,1
RMar,SGra,family,1
RMar,ViGr,family,1
FrAd,SadB,family,1
FrAd,MaMa,family,1
FrAd,RMar,family,1
FrAd,GiAd,family,2
FrAd,MaAd,family,2
FrAd,BeCa,family,1
FrAd,SaAd,family,2
FrAd,SCon,family,1
FrAd,GaGr,family,1
FrAd,GiGb,family,1
FrAd,GiaG,family,1
FrAd,SGra,family,1
FrAd,ViGr,family,1
GiAd,SadB,family,1
GiAd,MaMa,family,1
GiAd,RMar,family,1
GiAd,FrAd,family,2
GiAd,MaAd,family,2
GiAd,BeCa,family,1
GiAd,SaAd,family,1
GiAd,SCon,family,1
GiAd,GaGr,family,1
GiAd,GiGb,family,1
GiAd,GiaG,family,1
GiAd,SGra,family,1
GiAd,ViGr,family,1
MaAd,SadB,family,1
MaAd,MaMa,family,1
MaAd,RMar,family,1
MaAd,FrAd,family,2
MaAd,GiAd,family,2
MaAd,BeCa,family,1
MaAd,SaAd,family,2
MaAd,SCon,family,1
MaAd,GaGr,family,1
MaAd,GiGb,family,1
MaAd,GiaG,family,1
MaAd,SGra,family,1
MaAd,ViGr,family,1
BeCa,SadB,family,1
BeCa,MaMa,family,1
BeCa,RMar,family,1
BeCa,FrAd,family,1
BeCa,GiAd,family,1
BeCa,MaAd,family,1
BeCa,SaAd,family,1
BeCa,SCon,family,1
BeCa,GaGr,family,1
BeCa,GiGb,family,1
BeCa,GiaG,family,1
BeCa,SGra,family,1
BeCa,ViGr,family,1
SaAd,SadB,family,1
SaAd,MaMa,family,1
SaAd,RMar,family,1
SaAd,FrAd,family,2
SaAd,GiAd,family,2
SaAd,MaAd,family,2
SaAd,BeCa,family,1
SaAd,SCon,family,1
SaAd,GaGr,family,1
SaAd,GiGb,family,1
SaAd,GiaG,family,1
SaAd,SGra,family,1
SaAd,ViGr,family,1
SCon,SadB,family,1
SCon,MaMa,family,1
SCon,RMar,family,1
SCon,FrAd,family,1
SCon,GiAd,family,1
SCon,MaAd,family,1
SCon,BeCa,family,1
SCon,SaAd,family,1
SCon,GaGr,family,1
SCon,GiGb,family,1
SCon,GiaG,family,1
SCon,SGra,family,1
SCon,ViGr,family,1
GaGr,SadB,family,1
GaGr,MaMa,family,1
GaGr,RMar,family,1
GaGr,FrAd,family,1
GaGr,GiAd,family,1
GaGr,MaAd,family,1
GaGr,BeCa,family,1
GaGr,SaAd,family,1
GaGr,SCon,family,1
GaGr,GiGb,family,1
GaGr,GiaG,family,2
GaGr,SGra,family,2
GaGr,ViGr,family,2
GiGb,SadB,family,1
GiGb,MaMa,family,1
GiGb,RMar,family,1
GiGb,FrAd,family,1
GiGb,GiAd,family,1
GiGb,MaAd,family,1
GiGb,BeCa,family,1
GiGb,SaAd,family,1
GiGb,SCon,family,1
GiGb,GaGr,family,1
GiGb,GiaG,family,1
GiGb,SGra,family,1
GiGb,ViGr,family,1
GiaG,SadB,family,1
GiaG,MaMa,family,1
GiaG,RMar,family,1
GiaG,FrAd,family,1
GiaG,GiAd,family,1
GiaG,MaAd,family,1
GiaG,BeCa,family,1
GiaG,SaAd,family,1
GiaG,SCon,family,1
GiaG,GaGr,family,2
GiaG,GiGb,family,1
GiaG,SGra,family,2
GiaG,ViGr,family,2
SGra,SadB,family,1
SGra,MaMa,family,1
SGra,RMar,family,1
SGra,FrAd,family,1
SGra,GiAd,family,1
SGra,MaAd,family,1
SGra,BeCa,family,1
SGra,SaAd,family,1
SGra,SCon,family,1
SGra,GaGr,family,2
SGra,GiGb,family,1
SGra,GiaG,family,2
SGra,ViGr,family,2
ViGr,SadB,family,1
ViGr,MaMa,family,1
ViGr,RMar,family,1
ViGr,FrAd,family,1
ViGr,GiAd,family,1
ViGr,MaAd,family,1
ViGr,BeCa,family,1
ViGr,SaAd,family,1
ViGr,SCon,family,1
ViGr,GaGr,family,2
ViGr,GiGb,family,1
ViGr,GiaG,family,2
ViGr,SGra,family,2
SadB,V,family,1
MaMa,V,family,1
RMar,V,family,1
FrAd,V,family,1
GiAd,V,family,1
MaAd,V,family,1
BeCa,V,family,1
SaAd,V,family,1
SCon,V,family,1
GaGr,V,family,1
GiGb,V,family,1
GiaG,V,family,1
SGra,V,family,1
ViGr,V,family,1
V,SadB,family,1
V,MaMa,family,1
V,RMar,family,1
V,FrAd,family,1
V,GiAd,family,1
V,MaAd,family,1
V,BeCa,family,1
V,SaAd,family,1
V,SCon,family,1
V,GaGr,family,1
V,GiGb,family,1
V,GiaG,family,1
V,SGra,family,1
V,ViGr,family,1
FrcB,SaIn,family,1
FrcB,RoSa,family,1
SaIn,FrcB,family,1
SaIn,RoSa,family,1
RoSa,FrcB,family,1
RoSa,SaIn,family,1
FrcB,U,family,1
Saln,U,family,1
RoSa,U,family,1
U,FrcB,family,1
U,Saln,family,1
U,RoSa,family,1
GiCl,AnFi,family,1
GaFi,AnFi,family,2
GaFi,CaFi,family,2
GaFi,GiFi,family,2
GaFi,StFi,family,2
AnFi,GaFi,family,2
AnFi,CaFi,family,2
AnFi,GiFi,family,2
AnFi,StFi,family,2
CaFi,GaFi,family,2
CaFi,AnFi,family,2
CaFi,GiFi,family,2
CaFi,StFi,family,2
GiFi,GaFi,family,2
GiFi,AnFi,family,2
GiFi,CaFi,family,2
GiFi,StFi,family,2
StFi,GaFi,family,2
StFi,AnFi,family,2
StFi,CaFi,family,2
StFi,GiFi,family,2
GaFi,M,family,1
AnFi,M,family,1
CaFi,M,family,1
GiFi,M,family,1
StFi,M,family,1
M,GaFi,family,1
M,AnFi,family,1
M,CaFi,family,1
M,GiFi,family,1
M,StFi,family,1
CeMa,GaBa,family,1
CeMa,ViBa,family,1
CeMa,FrBr,family,1
CeMa,DiTr,family,1
GaBa,CeMa,family,1
GaBa,ViBa,family,2
GaBa,FrBr,family,1
GaBa,DiTr,family,1
ViBa,CeMa,family,1
ViBa,GaBa,family,2
ViBa,FrBr,family,1
ViBa,DiTr,family,1
FrBr,CeMa,family,1
FrBr,GaBa,family,1
FrBr,ViBa,family,1
FrBr,DiTr,family,1
DiTr,CeMa,family,1
DiTr,GaBa,family,1
DiTr,ViBa,family,1
DiTr,FrBr,family,1
CeMa,CI,family,1
GaBa,CI,family,1
ViBa,CI,family,1
FrBr,CI,family,1
DiTr,CI,family,1
CI,CeMa,family,1
CI,GaBa,family,1
CI,ViBa,family,1
CI,FrBr,family,1
CI,DiTr,family,1
Vivi,Givi,family,2
Vivi,AnGe,family,1
Vivi,GiLa,family,1
Vivi,SaLa,family,1
Givi,Vivi,family,2
Givi,AnGe,family,1
Givi,GiLa,family,1
Givi,SaLa,family,1
AnGe,Vivi,family,1
AnGe,Givi,family,1
AnGe,GiLa,family,1
AnGe,SaLa,family,1
GiLa,Vivi,family,1
GiLa,Givi,family,1
GiLa,AnGe,family,1
GiLa,SaLa,family,2
SaLa,Vivi,family,1
SaLa,Givi,family,1
SaLa,AnGe,family,1
SaLa,GiLa,family,2
Vivi,PA,family,1
Givi,PA,family,1
AnGe,PA,family,1
GiLa,PA,family,1
SaLa,PA,family,1
AnGe,SaRi,ally,1
AnGe,BePr,ally,1
AnGe,AnDC,ally,1
AnGe,GiSc,ally,1
AnGe,RoRi,ally,1
AnGe,FrCM,ally,1
AnGe,GCal,ally,1
AnGe,GiGr,ally,1
AnGe,MiGr,ally,1
Pici,GiBo,family,1
Pici,AlBo,family,1
Pici,GaFi,family,1
Pici,BiMa,family,1
Pici,MaMi,family,1
GiBo,Pici,family,1
GiBo,AlBo,family,2
GiBo,GaFi,family,1
GiBo,BiMa,family,1
GiBo,MaMi,family,1
AlBo,Pici,family,1
AlBo,GiBo,family,2
AlBo,GaFi,family,1
AlBo,BiMa,family,1
AlBo,MaMi,family,1
GaFi,Pici,family,1
GaFi,GiBo,family,1
GaFi,AlBo,family,1
GaFi,BiMa,family,1
GaFi,MaMi,family,1
BiMa,Pici,family,1
BiMa,GiBo,family,1
BiMa,AlBo,family,1
BiMa,GaFi,family,1
BiMa,MaMi,family,2
MaMi,Pici,family,1
MaMi,GiBo,family,1
MaMi,AlBo,family,1
MaMi,GaFi,family,1
MaMi,BiMa,family,2
Pici,BO,family,1
GiBo,BO,family,1
AlBo,BO,family,1
GaFi,BO,family,1
BiMa,BO,family,1
MaMi,BO,family,1
BO,Pici,family,1
BO,GiBo,family,1
BO,AlBo,family,1
BO,GaFi,family,1
BO,BiMa,family,1
BO,MaMi,family,1